date,n_positive,n_negative,n_neutral,n_total,neutral_ratio,s1_primary,s2_alternate,s3_prob_weighted,s4_conf_weighted,avg_confidence,avg_pos_prob,avg_neg_prob,avg_neu_prob
2017-01-01,8,7,21,36,0.5833,0.066667,0.027778,-0.078972,-0.375,0.6082,0.2588,0.3378,0.4034
2017-01-02,15,23,39,77,0.5065,-0.210526,-0.103896,-0.153678,-0.344828,0.6914,0.2413,0.3949,0.3638
2017-01-03,54,24,56,134,0.4179,0.384615,0.223881,0.134666,0.490909,0.6901,0.4088,0.2741,0.3171
2017-01-04,39,37,81,157,0.5159,0.026316,0.012739,-0.046237,0.098361,0.6863,0.2945,0.3407,0.3648
2017-01-05,55,43,61,159,0.3836,0.122449,0.075472,0.016076,0.2,0.7123,0.3435,0.3274,0.3291
2017-01-06,18,23,30,71,0.4225,-0.121951,-0.070423,-0.121522,-0.266667,0.6801,0.2796,0.4012,0.3192
2017-01-07,15,17,29,61,0.4754,-0.0625,-0.032787,-0.114604,-0.166667,0.642,0.2629,0.3775,0.3596
2017-01-08,12,33,41,86,0.4767,-0.466667,-0.244186,-0.231429,-0.37931,0.661,0.1912,0.4226,0.3862
2017-01-09,34,48,58,140,0.4143,-0.170732,-0.1,-0.134073,-0.150943,0.682,0.259,0.3931,0.348
2017-01-10,51,32,64,147,0.4354,0.228916,0.129252,0.044628,0.244898,0.6633,0.3474,0.3027,0.3499
2017-01-11,29,38,37,104,0.3558,-0.134328,-0.086538,-0.11779,-0.102041,0.7014,0.2888,0.4065,0.3047
2017-01-12,44,55,66,165,0.4,-0.111111,-0.066667,-0.096109,-0.129032,0.6758,0.2812,0.3773,0.3416
2017-01-13,31,42,64,137,0.4672,-0.150685,-0.080292,-0.132205,-0.3,0.6789,0.2514,0.3836,0.365
2017-01-14,12,12,23,47,0.4894,0.0,0.0,-0.014624,0.166667,0.6318,0.3084,0.323,0.3686
2017-01-15,14,19,35,68,0.5147,-0.151515,-0.073529,-0.084507,0.0,0.6544,0.2615,0.346,0.3925
2017-01-16,27,36,41,104,0.3942,-0.142857,-0.086538,-0.143289,-0.166667,0.7353,0.2785,0.4218,0.2997
2017-01-17,28,36,44,108,0.4074,-0.125,-0.074074,-0.119078,-0.204082,0.698,0.2848,0.4039,0.3113
2017-01-18,40,47,58,145,0.4,-0.08046,-0.048276,-0.09639,-0.104478,0.7065,0.2911,0.3875,0.3215
2017-01-19,35,47,76,158,0.481,-0.146341,-0.075949,-0.132741,-0.214286,0.6692,0.2517,0.3845,0.3638
2017-01-20,39,59,78,176,0.4432,-0.204082,-0.113636,-0.13929,-0.216216,0.6894,0.261,0.4003,0.3386
2017-01-21,7,8,7,22,0.3182,-0.066667,-0.045455,-0.029487,0.083333,0.7274,0.3347,0.3641,0.3012
2017-01-22,6,17,20,43,0.4651,-0.478261,-0.255814,-0.223806,-0.538462,0.6511,0.2066,0.4304,0.3631
2017-01-23,37,54,85,176,0.483,-0.186813,-0.096591,-0.106742,-0.101695,0.6563,0.258,0.3648,0.3772
2017-01-24,45,28,63,136,0.4632,0.232877,0.125,0.051158,0.288462,0.6759,0.3491,0.2979,0.353
2017-01-25,48,32,64,144,0.4444,0.2,0.111111,-0.006518,0.0,0.6724,0.3234,0.3299,0.3466
2017-01-26,17,18,39,74,0.527,-0.028571,-0.013514,-0.04393,0.25,0.6496,0.2889,0.3328,0.3784
2017-01-27,38,37,75,150,0.5,0.013333,0.006667,-0.062276,-0.101695,0.6912,0.2885,0.3508,0.3607
2017-01-28,14,14,29,57,0.5088,0.0,0.0,-0.073855,-0.25,0.6778,0.2764,0.3502,0.3733
2017-01-29,14,18,34,66,0.5152,-0.125,-0.060606,-0.083691,-0.125,0.6749,0.2724,0.3561,0.3716
2017-01-30,48,54,94,196,0.4796,-0.058824,-0.030612,-0.108582,-0.257143,0.6809,0.2615,0.3701,0.3685
2017-01-31,20,27,53,100,0.53,-0.148936,-0.07,-0.105776,-0.138889,0.6699,0.2524,0.3582,0.3893
2017-02-01,71,40,127,238,0.5336,0.279279,0.130252,0.041659,0.222222,0.6379,0.326,0.2843,0.3897
2017-02-02,76,33,96,205,0.4683,0.394495,0.209756,0.122695,0.459459,0.6699,0.3797,0.257,0.3632
2017-02-03,66,50,87,203,0.4286,0.137931,0.078818,-0.000385,0.114943,0.6894,0.3317,0.332,0.3363
2017-02-04,12,16,12,40,0.3,-0.142857,-0.1,-0.096423,-0.111111,0.7025,0.3152,0.4116,0.2733
2017-02-05,3,2,16,21,0.7619,0.2,0.047619,-0.119284,0.0,0.5756,0.1848,0.304,0.5112
2017-02-06,25,29,33,87,0.3793,-0.074074,-0.045977,-0.063544,0.0,0.6886,0.308,0.3715,0.3205
2017-02-07,36,61,74,171,0.4327,-0.257732,-0.146199,-0.170033,-0.296875,0.6656,0.2465,0.4166,0.3369
2017-02-08,33,77,102,212,0.4811,-0.4,-0.207547,-0.23659,-0.428571,0.6938,0.2076,0.4442,0.3483
2017-02-09,41,56,102,199,0.5126,-0.154639,-0.075377,-0.10784,-0.102941,0.6692,0.2538,0.3616,0.3846
2017-02-10,36,38,44,118,0.3729,-0.027027,-0.016949,-0.05536,-0.071429,0.7161,0.3176,0.3729,0.3095
2017-02-11,14,14,36,64,0.5625,0.0,0.0,-0.056366,0.0,0.6693,0.2637,0.32,0.4163
2017-02-12,13,15,45,73,0.6164,-0.071429,-0.027397,-0.083689,0.0,0.6332,0.2475,0.3312,0.4214
2017-02-13,51,52,63,166,0.3795,-0.009709,-0.006024,-0.069287,-0.055556,0.6873,0.3088,0.3781,0.3132
2017-02-14,41,63,60,164,0.3659,-0.211538,-0.134146,-0.168603,-0.368421,0.7064,0.2566,0.4252,0.3182
2017-02-15,24,34,57,115,0.4957,-0.172414,-0.086957,-0.150593,-0.409091,0.6717,0.2467,0.3973,0.3561
2017-02-16,49,37,64,150,0.4267,0.139535,0.08,0.005,0.080645,0.6836,0.333,0.328,0.339
2017-02-17,50,41,92,183,0.5027,0.098901,0.04918,-0.045364,0.013699,0.6834,0.2922,0.3375,0.3703
2017-02-18,17,7,24,48,0.5,0.416667,0.208333,0.070413,0.285714,0.6485,0.345,0.2746,0.3804
2017-02-19,9,22,36,67,0.5373,-0.419355,-0.19403,-0.175924,-0.333333,0.6326,0.2131,0.389,0.398
2017-02-20,25,32,29,86,0.3372,-0.122807,-0.081395,-0.117717,-0.190476,0.7213,0.2969,0.4146,0.2884
2017-02-21,41,43,77,161,0.4783,-0.02381,-0.012422,-0.063598,-0.064516,0.6782,0.2926,0.3562,0.3512
2017-02-22,48,37,74,159,0.4654,0.129412,0.069182,-0.000572,0.152542,0.6739,0.3215,0.3221,0.3565
2017-02-23,35,46,65,146,0.4452,-0.135802,-0.075342,-0.104449,-0.169492,0.6871,0.2708,0.3753,0.3539
2017-02-24,18,31,43,92,0.4674,-0.265306,-0.141304,-0.182883,-0.365854,0.7019,0.2401,0.423,0.3369
2017-02-25,9,7,10,26,0.3846,0.125,0.076923,0.01899,0.142857,0.7147,0.3653,0.3463,0.2884
2017-02-26,17,13,18,48,0.375,0.133333,0.083333,-0.01052,-0.111111,0.674,0.3269,0.3374,0.3357
2017-02-27,31,46,62,139,0.446,-0.194805,-0.107914,-0.152239,-0.285714,0.6864,0.2449,0.3971,0.358
2017-02-28,55,60,77,192,0.401,-0.043478,-0.026042,-0.06809,-0.101124,0.6998,0.304,0.3721,0.3239
2017-03-01,58,57,92,207,0.4444,0.008696,0.004831,-0.061079,-0.034483,0.69,0.3022,0.3633,0.3345
2017-03-02,32,39,58,129,0.4496,-0.098592,-0.054264,-0.065042,0.018868,0.6752,0.2968,0.3619,0.3413
2017-03-03,35,53,75,163,0.4601,-0.204545,-0.110429,-0.128918,-0.263889,0.6903,0.2716,0.4005,0.3278
2017-03-04,18,11,24,53,0.4528,0.241379,0.132075,0.077345,0.375,0.6911,0.3596,0.2823,0.3581
2017-03-05,18,17,40,75,0.5333,0.028571,0.013333,-0.112773,-0.26087,0.6437,0.2515,0.3642,0.3843
2017-03-06,49,48,75,172,0.436,0.010309,0.005814,-0.040585,0.029412,0.6791,0.3036,0.3442,0.3521
2017-03-07,31,27,36,94,0.383,0.068966,0.042553,0.024561,0.142857,0.6946,0.3587,0.3341,0.3072
2017-03-08,47,44,55,146,0.3767,0.032967,0.020548,-0.002803,0.057971,0.7074,0.3479,0.3507,0.3013
2017-03-09,34,50,73,157,0.465,-0.190476,-0.101911,-0.130548,-0.28125,0.7,0.2666,0.3972,0.3363
2017-03-10,37,46,44,127,0.3465,-0.108434,-0.070866,-0.095923,-0.164179,0.7164,0.3175,0.4134,0.2691
2017-03-11,42,20,54,116,0.4655,0.354839,0.189655,0.11093,0.459459,0.6487,0.3812,0.2703,0.3485
2017-03-12,11,7,22,40,0.55,0.222222,0.1,-0.018669,0.090909,0.6249,0.2967,0.3154,0.3878
2017-03-13,9,6,13,28,0.4643,0.2,0.107143,0.0542,0.5,0.6421,0.3483,0.2941,0.3575
2017-03-14,52,41,69,162,0.4259,0.11828,0.067901,0.011527,0.260274,0.6945,0.3357,0.3241,0.3402
2017-03-15,69,46,111,226,0.4912,0.2,0.10177,-0.014492,0.059524,0.6675,0.3114,0.3259,0.3626
2017-03-16,82,40,94,216,0.4352,0.344262,0.194444,0.079128,0.302326,0.6761,0.3686,0.2894,0.342
2017-03-17,28,21,45,94,0.4787,0.142857,0.074468,-0.00285,0.117647,0.6749,0.3111,0.3139,0.375
2017-03-18,30,20,53,103,0.5146,0.2,0.097087,0.03639,0.382353,0.6484,0.3279,0.2915,0.3805
2017-03-19,16,17,50,83,0.6024,-0.030303,-0.012048,-0.073318,-0.25,0.6323,0.2481,0.3214,0.4305
2017-03-20,53,53,78,184,0.4239,0.0,0.0,-0.056122,-0.041096,0.6912,0.3028,0.359,0.3382
2017-03-21,44,50,66,160,0.4125,-0.06383,-0.0375,-0.105253,-0.121212,0.6822,0.283,0.3882,0.3288
2017-03-22,25,43,58,126,0.4603,-0.264706,-0.142857,-0.19914,-0.609756,0.6649,0.2237,0.4229,0.3534
2017-03-23,46,39,86,171,0.5029,0.082353,0.040936,-0.017695,0.125,0.6799,0.3065,0.3242,0.3694
2017-03-24,54,60,83,197,0.4213,-0.052632,-0.030457,-0.073765,-0.064516,0.7008,0.3024,0.3761,0.3215
2017-03-25,9,12,16,37,0.4324,-0.142857,-0.081081,-0.073908,0.0,0.6381,0.2691,0.343,0.388
2017-03-26,16,9,35,60,0.5833,0.28,0.116667,0.015233,0.083333,0.6123,0.3003,0.2851,0.4146
2017-03-27,19,28,32,79,0.4051,-0.191489,-0.113924,-0.176525,-0.541667,0.6413,0.2275,0.404,0.3685
2017-03-28,43,24,45,112,0.4018,0.283582,0.169643,0.054113,0.159091,0.6735,0.3674,0.3133,0.3193
2017-03-29,54,41,69,164,0.4207,0.136842,0.079268,0.002324,0.086957,0.683,0.337,0.3347,0.3283
2017-03-30,73,40,80,193,0.4145,0.292035,0.170984,0.074317,0.235955,0.6965,0.3686,0.2943,0.3372
2017-03-31,56,40,69,165,0.4182,0.166667,0.09697,0.032546,0.181818,0.6721,0.3512,0.3187,0.3301
2017-04-01,9,11,22,42,0.5238,-0.1,-0.047619,-0.061035,0.076923,0.6644,0.283,0.344,0.373
2017-04-02,16,7,27,50,0.54,0.391304,0.18,0.035892,0.095238,0.6802,0.3167,0.2808,0.4025
2017-04-03,58,52,84,194,0.433,0.054545,0.030928,-0.023321,0.060976,0.696,0.3194,0.3427,0.338
2017-04-04,48,46,65,159,0.4088,0.021277,0.012579,-0.054907,-0.032258,0.6822,0.3061,0.3611,0.3328
2017-04-05,53,30,118,201,0.5871,0.277108,0.114428,0.015759,0.428571,0.6459,0.3005,0.2848,0.4147
2017-04-06,31,41,89,161,0.5528,-0.138889,-0.062112,-0.079701,-0.052632,0.6659,0.2658,0.3455,0.3888
2017-04-07,47,56,81,184,0.4402,-0.087379,-0.048913,-0.083238,-0.056338,0.6938,0.2892,0.3724,0.3384
2017-04-08,13,12,33,58,0.569,0.04,0.017241,-0.054121,-0.0625,0.6608,0.2745,0.3286,0.397
2017-04-09,12,13,22,47,0.4681,-0.04,-0.021277,-0.037857,-0.043478,0.6949,0.3109,0.3487,0.3404
2017-04-10,46,55,98,199,0.4925,-0.089109,-0.045226,-0.097205,-0.169231,0.6576,0.269,0.3663,0.3647
2017-04-11,30,38,49,117,0.4188,-0.117647,-0.068376,-0.078215,-0.109091,0.6979,0.304,0.3822,0.3138
2017-04-12,37,66,87,190,0.4579,-0.281553,-0.152632,-0.165199,-0.362319,0.6692,0.2469,0.4121,0.341
2017-04-13,42,63,79,184,0.4293,-0.2,-0.11413,-0.151749,-0.267606,0.6791,0.2577,0.4094,0.3329
2017-04-14,15,19,25,59,0.4237,-0.117647,-0.067797,-0.111373,-0.214286,0.7217,0.2901,0.4015,0.3084
2017-04-15,11,9,15,35,0.4286,0.1,0.057143,0.003408,0.058824,0.6875,0.3441,0.3407,0.3151
2017-04-16,8,6,19,33,0.5758,0.142857,0.060606,-0.01622,0.0,0.717,0.2962,0.3124,0.3913
2017-04-17,31,27,49,107,0.4579,0.068966,0.037383,-0.067083,-0.135135,0.6695,0.2955,0.3626,0.3419
2017-04-18,49,52,77,178,0.4326,-0.029703,-0.016854,-0.058248,-0.037975,0.7003,0.3087,0.367,0.3243
2017-04-19,54,64,78,196,0.398,-0.084746,-0.05102,-0.105002,-0.164706,0.7009,0.2945,0.3995,0.306
2017-04-20,50,60,78,188,0.4149,-0.090909,-0.053191,-0.073345,-0.085366,0.6916,0.3029,0.3763,0.3208
2017-04-21,25,39,51,115,0.4435,-0.21875,-0.121739,-0.122405,-0.148936,0.6832,0.2711,0.3935,0.3354
2017-04-22,17,15,27,59,0.4576,0.0625,0.033898,-0.024878,0.0,0.6844,0.301,0.3259,0.3731
2017-04-23,13,21,45,79,0.5696,-0.235294,-0.101266,-0.130532,-0.214286,0.6752,0.2281,0.3587,0.4132
2017-04-24,81,34,110,225,0.4889,0.408696,0.208889,0.089781,0.349398,0.6731,0.3669,0.2771,0.356
2017-04-25,62,49,108,219,0.4932,0.117117,0.059361,-0.015882,0.130952,0.6754,0.3128,0.3287,0.3585
2017-04-26,58,28,63,149,0.4228,0.348837,0.201342,0.109013,0.308824,0.6983,0.4,0.291,0.309
2017-04-27,53,50,86,189,0.455,0.029126,0.015873,-0.051766,-0.074074,0.6954,0.3061,0.3579,0.336
2017-04-28,63,64,77,204,0.3775,-0.007874,-0.004902,-0.036074,-0.019802,0.7152,0.3263,0.3624,0.3113
2017-04-29,14,20,26,60,0.4333,-0.176471,-0.1,-0.169568,-0.47619,0.6666,0.2319,0.4015,0.3666
2017-04-30,20,12,29,61,0.4754,0.25,0.131148,0.00161,0.130435,0.6627,0.3247,0.3231,0.3521
2017-05-01,16,17,25,58,0.431,-0.030303,-0.017241,-0.106849,-0.238095,0.6712,0.2655,0.3723,0.3622
2017-05-02,38,23,54,115,0.4696,0.245902,0.130435,0.050442,0.291667,0.6883,0.3567,0.3063,0.337
2017-05-03,64,37,90,191,0.4712,0.267327,0.141361,0.045214,0.2,0.6771,0.3449,0.2997,0.3555
2017-05-04,70,45,74,189,0.3915,0.217391,0.132275,0.081771,0.292683,0.6892,0.3871,0.3053,0.3076
2017-05-05,43,43,57,143,0.3986,0.0,0.0,-0.058321,-0.152542,0.6882,0.3146,0.373,0.3124
2017-05-06,10,11,13,34,0.3824,-0.047619,-0.029412,-0.052891,0.090909,0.6663,0.2974,0.3503,0.3523
2017-05-07,11,12,23,46,0.5,-0.043478,-0.021739,-0.078774,-0.066667,0.6735,0.2693,0.3481,0.3826
2017-05-08,59,36,85,180,0.4722,0.242105,0.127778,0.053629,0.355263,0.6873,0.354,0.3004,0.3457
2017-05-09,66,53,82,201,0.408,0.109244,0.064677,0.001238,0.158537,0.6798,0.3357,0.3345,0.3298
2017-05-10,66,50,80,196,0.4082,0.137931,0.081633,0.00988,0.131868,0.7027,0.3461,0.3362,0.3177
2017-05-11,51,34,56,141,0.3972,0.2,0.120567,0.006729,0.017241,0.6805,0.3412,0.3345,0.3243
2017-05-12,67,73,95,235,0.4043,-0.042857,-0.025532,-0.050858,0.029412,0.6851,0.3171,0.368,0.3149
2017-05-13,23,17,27,67,0.403,0.15,0.089552,0.019308,0.038462,0.6675,0.3408,0.3215,0.3376
2017-05-14,6,15,36,57,0.6316,-0.428571,-0.157895,-0.165848,-0.615385,0.6302,0.1921,0.3579,0.45
2017-05-15,71,56,98,225,0.4356,0.11811,0.066667,0.00186,0.126316,0.6912,0.3278,0.3259,0.3463
2017-05-16,57,25,41,123,0.3333,0.390244,0.260163,0.137932,0.446429,0.7006,0.4259,0.288,0.2861
2017-05-17,61,58,105,224,0.4688,0.02521,0.013393,-0.049625,0.010309,0.7037,0.3091,0.3587,0.3321
2017-05-18,57,54,72,183,0.3934,0.027027,0.016393,-0.028875,-0.0125,0.6909,0.3303,0.3592,0.3105
2017-05-19,65,48,60,173,0.3468,0.150442,0.098266,0.011445,0.125,0.7142,0.3574,0.346,0.2965
2017-05-20,20,18,25,63,0.3968,0.052632,0.031746,0.035373,0.346154,0.6875,0.3533,0.318,0.3287
2017-05-21,9,4,18,31,0.5806,0.384615,0.16129,-0.009675,0.2,0.6466,0.2984,0.308,0.3936
2017-05-22,39,21,57,117,0.4872,0.3,0.153846,0.075645,0.404255,0.681,0.3709,0.2952,0.3339
2017-05-23,54,72,84,210,0.4,-0.142857,-0.085714,-0.132992,-0.344444,0.6863,0.2682,0.4012,0.3306
2017-05-24,53,60,54,167,0.3234,-0.061947,-0.041916,-0.084394,-0.123457,0.7105,0.3153,0.3996,0.2851
2017-05-25,79,54,78,211,0.3697,0.18797,0.118483,0.037132,0.178218,0.7093,0.3693,0.3322,0.2985
2017-05-26,62,59,63,184,0.3424,0.024793,0.016304,-0.047217,0.020619,0.7233,0.3326,0.3798,0.2877
2017-05-27,21,19,22,62,0.3548,0.05,0.032258,0.006559,0.190476,0.6602,0.3416,0.335,0.3233
2017-05-28,21,20,37,78,0.4744,0.02439,0.012821,-0.061012,-0.166667,0.6686,0.2971,0.3581,0.3447
2017-05-29,52,70,77,199,0.3869,-0.147541,-0.090452,-0.129535,-0.21875,0.7035,0.2813,0.4108,0.3079
2017-05-30,54,59,97,210,0.4619,-0.044248,-0.02381,-0.054824,-0.065789,0.6555,0.2948,0.3496,0.3557
2017-05-31,32,38,53,123,0.4309,-0.085714,-0.04878,-0.085971,-0.058824,0.6914,0.2942,0.3801,0.3257
2017-06-01,65,73,75,213,0.3521,-0.057971,-0.037559,-0.090131,-0.141414,0.7062,0.3082,0.3983,0.2934
2017-06-02,67,86,88,241,0.3651,-0.124183,-0.078838,-0.099725,-0.157895,0.7012,0.297,0.3967,0.3063
2017-06-03,13,32,40,85,0.4706,-0.422222,-0.223529,-0.207573,-0.484848,0.6771,0.2253,0.4329,0.3418
2017-06-04,19,23,63,105,0.6,-0.095238,-0.038095,-0.104548,-0.26087,0.6284,0.2376,0.3421,0.4202
2017-06-05,14,17,27,58,0.4655,-0.096774,-0.051724,-0.100181,-0.047619,0.6746,0.2653,0.3655,0.3691
2017-06-06,14,40,32,86,0.3721,-0.481481,-0.302326,-0.265943,-0.526316,0.6919,0.2053,0.4712,0.3235
2017-06-07,63,56,92,211,0.436,0.058824,0.033175,-0.074445,-0.02439,0.6752,0.2922,0.3667,0.3411
2017-06-08,62,81,130,273,0.4762,-0.132867,-0.069597,-0.131515,-0.174312,0.6852,0.2534,0.3849,0.3617
2017-06-09,57,73,87,217,0.4009,-0.123077,-0.073733,-0.136406,-0.264368,0.6761,0.2717,0.4081,0.3202
2017-06-10,3,7,5,15,0.3333,-0.4,-0.266667,-0.232003,-0.714286,0.6925,0.2399,0.4719,0.2881
2017-06-11,10,13,23,46,0.5,-0.130435,-0.065217,-0.151397,-0.263158,0.687,0.2427,0.3941,0.3632
2017-06-12,47,65,90,202,0.4455,-0.160714,-0.089109,-0.139701,-0.181818,0.672,0.2583,0.398,0.3436
2017-06-13,74,56,109,239,0.4561,0.138462,0.075314,-0.021542,0.076087,0.6826,0.3158,0.3373,0.3469
2017-06-14,79,66,76,221,0.3439,0.089655,0.058824,-0.014887,0.080808,0.6995,0.3496,0.3644,0.286
2017-06-15,43,62,60,165,0.3636,-0.180952,-0.115152,-0.131044,-0.283582,0.6904,0.2808,0.4118,0.3074
2017-06-16,39,51,83,173,0.4798,-0.133333,-0.069364,-0.0915,-0.056604,0.6542,0.2699,0.3614,0.3687
2017-06-17,17,23,28,68,0.4118,-0.15,-0.088235,-0.128514,-0.259259,0.6662,0.2653,0.3938,0.341
2017-06-18,7,12,26,45,0.5778,-0.263158,-0.111111,-0.151703,-0.555556,0.6191,0.2109,0.3626,0.4264
2017-06-19,67,36,78,181,0.4309,0.300971,0.171271,0.086725,0.443038,0.6914,0.3814,0.2946,0.324
2017-06-20,33,31,52,116,0.4483,0.03125,0.017241,-0.042765,0.06383,0.6744,0.3018,0.3445,0.3537
2017-06-21,41,72,93,206,0.4515,-0.274336,-0.150485,-0.166989,-0.320988,0.6797,0.2503,0.4173,0.3324
2017-06-22,63,43,73,179,0.4078,0.188679,0.111732,0.024929,0.123457,0.6867,0.3557,0.3308,0.3135
2017-06-23,34,55,47,136,0.3456,-0.235955,-0.154412,-0.174692,-0.349206,0.7076,0.2635,0.4382,0.2984
2017-06-24,12,8,27,47,0.5745,0.2,0.085106,0.007513,0.176471,0.6697,0.3059,0.2984,0.3957
2017-06-25,4,8,20,32,0.625,-0.333333,-0.125,-0.131904,-0.222222,0.6433,0.2131,0.345,0.4419
2017-06-26,19,30,34,83,0.4096,-0.22449,-0.13253,-0.15403,-0.4,0.6985,0.2628,0.4168,0.3204
2017-06-27,52,56,82,190,0.4316,-0.037037,-0.021053,-0.057043,-0.048193,0.6967,0.3046,0.3616,0.3338
2017-06-28,46,68,83,197,0.4213,-0.192982,-0.111675,-0.154305,-0.309524,0.6841,0.2663,0.4206,0.3131
2017-06-29,57,43,100,200,0.5,0.14,0.07,0.024345,0.294118,0.6671,0.3296,0.3053,0.365
2017-06-30,27,39,62,128,0.4844,-0.181818,-0.09375,-0.125593,-0.307692,0.6902,0.2578,0.3834,0.3588
2017-07-01,24,33,58,115,0.5043,-0.157895,-0.078261,-0.108188,-0.190476,0.6753,0.2638,0.372,0.3642
2017-07-02,22,32,51,105,0.4857,-0.185185,-0.095238,-0.131407,-0.25641,0.6638,0.2606,0.392,0.3474
2017-07-03,56,45,84,185,0.4541,0.108911,0.059459,0.007655,0.15,0.6943,0.3357,0.3281,0.3362
2017-07-04,53,50,75,178,0.4213,0.029126,0.016854,-0.060825,-0.071429,0.6725,0.3058,0.3667,0.3275
2017-07-05,31,40,38,109,0.3486,-0.126761,-0.082569,-0.093246,-0.117647,0.7018,0.2985,0.3917,0.3098
2017-07-06,64,58,79,201,0.393,0.04918,0.029851,-0.016684,0.089888,0.7002,0.3316,0.3483,0.3201
2017-07-07,44,38,56,138,0.4058,0.073171,0.043478,-0.011975,0.160714,0.6907,0.3312,0.3432,0.3257
2017-07-08,20,18,50,88,0.5682,0.052632,0.022727,-0.042256,-0.043478,0.628,0.2735,0.3158,0.4107
2017-07-09,24,12,37,73,0.5068,0.333333,0.164384,-0.00169,0.142857,0.6497,0.302,0.3037,0.3943
2017-07-10,32,42,32,106,0.3019,-0.135135,-0.09434,-0.107221,-0.166667,0.6996,0.2964,0.4036,0.3
2017-07-11,32,25,43,100,0.43,0.122807,0.07,-0.028522,0.0,0.6827,0.3147,0.3433,0.342
2017-07-12,58,38,68,164,0.4146,0.208333,0.121951,0.016668,0.176471,0.6748,0.3545,0.3379,0.3076
2017-07-13,73,63,92,228,0.4035,0.073529,0.04386,-0.011452,0.084906,0.7018,0.3354,0.3468,0.3178
2017-07-14,52,40,61,153,0.3987,0.130435,0.078431,0.007704,0.140625,0.6931,0.3412,0.3335,0.3252
2017-07-15,9,12,9,30,0.3,-0.142857,-0.1,-0.152659,-0.333333,0.7023,0.2776,0.4303,0.292
2017-07-16,10,11,14,35,0.4,-0.047619,-0.028571,-0.064004,0.0,0.6572,0.2943,0.3583,0.3473
2017-07-17,57,31,90,178,0.5056,0.295455,0.146067,0.028451,0.222222,0.6573,0.334,0.3055,0.3605
2017-07-18,55,39,71,165,0.4303,0.170213,0.09697,-0.004583,0.082192,0.7,0.338,0.3426,0.3194
2017-07-19,64,56,67,187,0.3583,0.066667,0.042781,-0.011462,0.113402,0.7141,0.349,0.3605,0.2905
2017-07-20,37,44,53,134,0.3955,-0.08642,-0.052239,-0.092956,-0.090909,0.7111,0.3035,0.3964,0.3001
2017-07-21,50,28,57,135,0.4222,0.282051,0.162963,0.083022,0.296296,0.6831,0.3773,0.2943,0.3284
2017-07-22,11,14,44,69,0.6377,-0.12,-0.043478,-0.079515,0.142857,0.6194,0.2354,0.3149,0.4497
2017-07-23,17,10,30,57,0.5263,0.259259,0.122807,0.004936,0.076923,0.6172,0.2901,0.2851,0.4248
2017-07-24,51,38,75,164,0.4573,0.146067,0.079268,-0.001558,0.130435,0.6976,0.3307,0.3323,0.337
2017-07-25,40,31,52,123,0.4228,0.126761,0.073171,-0.017998,0.181818,0.6282,0.3065,0.3245,0.3689
2017-07-26,29,26,37,92,0.4022,0.054545,0.032609,-0.015391,0.026316,0.6828,0.332,0.3474,0.3206
2017-07-27,80,48,91,219,0.4155,0.25,0.146119,0.064485,0.25,0.6735,0.3686,0.3041,0.3273
2017-07-28,49,67,69,185,0.373,-0.155172,-0.097297,-0.11183,-0.211111,0.7104,0.2951,0.407,0.2979
2017-07-29,17,28,24,69,0.3478,-0.244444,-0.15942,-0.149637,-0.321429,0.6609,0.2662,0.4159,0.3179
2017-07-30,17,16,38,71,0.5352,0.030303,0.014085,-0.024671,0.181818,0.6607,0.2926,0.3172,0.3902
2017-07-31,23,31,54,108,0.5,-0.148148,-0.074074,-0.069439,0.0,0.6662,0.2829,0.3523,0.3648
2017-08-01,33,34,73,140,0.5214,-0.014925,-0.007143,-0.080196,0.018519,0.6838,0.2765,0.3567,0.3669
2017-08-02,81,90,116,287,0.4042,-0.052632,-0.031359,-0.097022,-0.150442,0.673,0.2848,0.3818,0.3335
2017-08-03,53,62,68,183,0.3716,-0.078261,-0.04918,-0.118721,-0.308642,0.7013,0.2951,0.4139,0.291
2017-08-04,56,29,44,129,0.3411,0.317647,0.209302,0.093326,0.278689,0.7031,0.3986,0.3053,0.2961
2017-08-05,10,19,32,61,0.5246,-0.310345,-0.147541,-0.139724,-0.222222,0.6437,0.2506,0.3903,0.3591
2017-08-06,8,13,35,56,0.625,-0.238095,-0.089286,-0.065633,-0.142857,0.6272,0.2503,0.316,0.4337
2017-08-07,50,45,89,184,0.4837,0.052632,0.027174,-0.022753,0.106061,0.6622,0.3122,0.335,0.3528
2017-08-08,46,48,96,190,0.5053,-0.021277,-0.010526,-0.070022,0.0,0.6623,0.2831,0.3531,0.3639
2017-08-09,29,33,42,104,0.4038,-0.064516,-0.038462,-0.064277,-0.159091,0.6799,0.3174,0.3816,0.301
2017-08-10,33,59,74,166,0.4458,-0.282609,-0.156627,-0.159806,-0.283582,0.678,0.2543,0.4141,0.3316
2017-08-11,66,83,89,238,0.3739,-0.114094,-0.071429,-0.081985,-0.166667,0.6983,0.3135,0.3955,0.2909
2017-08-12,17,28,29,74,0.3919,-0.244444,-0.148649,-0.16217,-0.28125,0.6778,0.2517,0.4139,0.3344
2017-08-13,13,22,29,64,0.4531,-0.257143,-0.140625,-0.147418,-0.125,0.646,0.2492,0.3966,0.3542
2017-08-14,40,33,46,119,0.3866,0.09589,0.058824,-0.018665,0.145455,0.6958,0.3364,0.355,0.3086
2017-08-15,36,35,51,122,0.418,0.014085,0.008197,-0.054071,-0.086207,0.7046,0.3155,0.3696,0.3149
2017-08-16,60,49,76,185,0.4108,0.100917,0.059459,0.01209,0.202532,0.6903,0.3414,0.3293,0.3293
2017-08-17,51,51,72,174,0.4138,0.0,0.0,-0.066478,0.029851,0.6806,0.3038,0.3703,0.3258
2017-08-18,29,53,58,140,0.4143,-0.292683,-0.171429,-0.190664,-0.283333,0.6966,0.2456,0.4362,0.3182
2017-08-19,3,9,24,36,0.6667,-0.5,-0.166667,-0.205573,-0.625,0.6048,0.1784,0.3839,0.4377
2017-08-20,12,19,26,57,0.4561,-0.225806,-0.122807,-0.175093,-0.375,0.6746,0.2245,0.3996,0.376
2017-08-21,36,61,88,185,0.4757,-0.257732,-0.135135,-0.154221,-0.271429,0.6847,0.2458,0.4,0.3542
2017-08-22,42,50,68,160,0.425,-0.086957,-0.05,-0.069259,-0.092308,0.6806,0.3017,0.3709,0.3274
2017-08-23,59,39,57,155,0.3677,0.204082,0.129032,0.057967,0.213333,0.7167,0.3831,0.3251,0.2918
2017-08-24,42,44,84,170,0.4941,-0.023256,-0.011765,-0.059057,-0.114754,0.6657,0.2853,0.3444,0.3703
2017-08-25,19,25,35,79,0.443,-0.136364,-0.075949,-0.132569,-0.214286,0.6829,0.2623,0.3948,0.3429
2017-08-26,8,13,23,44,0.5227,-0.238095,-0.113636,-0.13428,-0.583333,0.6059,0.245,0.3793,0.3758
2017-08-27,16,19,27,62,0.4355,-0.085714,-0.048387,-0.096012,-0.166667,0.6948,0.2741,0.3701,0.3558
2017-08-28,52,39,89,180,0.4944,0.142857,0.072222,-0.008789,0.09375,0.6658,0.3173,0.326,0.3567
2017-08-29,25,55,34,114,0.2982,-0.375,-0.263158,-0.229961,-0.45614,0.7221,0.2534,0.4833,0.2633
2017-08-30,38,37,62,137,0.4526,0.013333,0.007299,-0.040402,0.022727,0.6483,0.3081,0.3485,0.3434
2017-08-31,67,59,77,203,0.3793,0.063492,0.039409,-0.017133,0.033708,0.6971,0.3338,0.3509,0.3153
2017-09-01,67,62,79,208,0.3798,0.03876,0.024038,-0.011458,0.04,0.7027,0.3484,0.3599,0.2917
2017-09-02,7,17,37,61,0.6066,-0.416667,-0.163934,-0.154183,-0.411765,0.6307,0.2198,0.3739,0.4063
2017-09-03,7,9,25,41,0.6098,-0.125,-0.04878,-0.166578,-0.454545,0.6429,0.207,0.3736,0.4194
2017-09-04,22,44,82,148,0.5541,-0.333333,-0.148649,-0.18919,-0.44,0.6521,0.2206,0.4098,0.3696
2017-09-05,49,51,111,211,0.5261,-0.02,-0.009479,-0.069282,-0.101449,0.6645,0.274,0.3433,0.3827
2017-09-06,56,64,84,204,0.4118,-0.066667,-0.039216,-0.079577,-0.0625,0.6709,0.2934,0.373,0.3336
2017-09-07,65,51,94,210,0.4476,0.12069,0.066667,-0.019581,0.1125,0.6759,0.3175,0.3371,0.3454
2017-09-08,40,48,57,145,0.3931,-0.090909,-0.055172,-0.089069,-0.107692,0.6887,0.2953,0.3843,0.3204
2017-09-09,16,22,25,63,0.3968,-0.157895,-0.095238,-0.12111,-0.296296,0.6779,0.2795,0.4006,0.32
2017-09-10,9,18,55,82,0.6707,-0.333333,-0.109756,-0.171452,-0.421053,0.6263,0.1898,0.3612,0.449
2017-09-11,57,46,73,176,0.4148,0.106796,0.0625,-0.014901,-0.027027,0.6861,0.3323,0.3472,0.3205
2017-09-12,60,62,84,206,0.4078,-0.016393,-0.009709,-0.038819,-0.0375,0.6724,0.3161,0.355,0.3289
2017-09-13,49,41,62,152,0.4079,0.088889,0.052632,0.002381,0.073529,0.6949,0.3375,0.3351,0.3274
2017-09-14,49,59,74,182,0.4066,-0.092593,-0.054945,-0.099185,-0.186667,0.6826,0.2889,0.3881,0.3229
2017-09-15,45,58,65,168,0.3869,-0.126214,-0.077381,-0.097181,-0.064103,0.6994,0.2983,0.3955,0.3061
2017-09-16,19,22,38,79,0.481,-0.073171,-0.037975,-0.097721,-0.2,0.6656,0.2743,0.372,0.3537
2017-09-17,11,11,41,63,0.6508,0.0,0.0,-0.113605,-0.076923,0.6237,0.2178,0.3314,0.4508
2017-09-18,42,33,46,121,0.3802,0.12,0.07438,0.033497,0.192982,0.6948,0.3623,0.3288,0.309
2017-09-19,29,41,59,129,0.4574,-0.171429,-0.093023,-0.09829,-0.0625,0.6576,0.275,0.3733,0.3517
2017-09-20,31,36,103,170,0.6059,-0.074627,-0.029412,-0.059126,-0.044444,0.6359,0.2674,0.3265,0.4062
2017-09-21,40,51,79,170,0.4647,-0.120879,-0.064706,-0.103948,-0.15625,0.6696,0.2755,0.3795,0.345
2017-09-22,44,84,82,210,0.3905,-0.3125,-0.190476,-0.17917,-0.357895,0.6995,0.2516,0.4308,0.3176
2017-09-23,7,6,22,35,0.6286,0.076923,0.028571,-0.058971,0.125,0.6167,0.2519,0.3108,0.4373
2017-09-24,5,10,24,39,0.6154,-0.333333,-0.128205,-0.138027,-0.307692,0.6835,0.2216,0.3596,0.4188
2017-09-25,42,53,75,170,0.4412,-0.115789,-0.064706,-0.090253,-0.056338,0.6876,0.2839,0.3741,0.342
2017-09-26,50,69,91,210,0.4333,-0.159664,-0.090476,-0.125409,-0.265823,0.6721,0.2682,0.3936,0.3381
2017-09-27,60,72,111,243,0.4568,-0.090909,-0.049383,-0.104526,-0.269663,0.6657,0.2738,0.3783,0.3479
2017-09-28,55,44,114,213,0.5352,0.111111,0.051643,-0.025195,0.027027,0.6688,0.296,0.3212,0.3828
2017-09-29,46,42,79,167,0.4731,0.045455,0.023952,-0.067385,0.016667,0.6686,0.2858,0.3531,0.3611
2017-09-30,12,30,38,80,0.475,-0.428571,-0.225,-0.185613,-0.37931,0.6514,0.2215,0.4071,0.3713
2017-10-01,21,25,39,85,0.4588,-0.086957,-0.047059,-0.087292,-0.333333,0.624,0.2679,0.3552,0.3768
2017-10-02,23,35,55,113,0.4867,-0.206897,-0.106195,-0.131912,-0.295455,0.6853,0.249,0.3809,0.3701
2017-10-03,39,35,47,121,0.3884,0.054054,0.033058,-0.043881,-0.039216,0.6817,0.3212,0.3651,0.3138
2017-10-04,41,43,88,172,0.5116,-0.02381,-0.011628,-0.098787,-0.137931,0.6533,0.2667,0.3655,0.3678
2017-10-05,59,60,98,217,0.4516,-0.008403,-0.004608,-0.058093,-0.093023,0.6799,0.3,0.3581,0.342
2017-10-06,55,56,74,185,0.4,-0.009009,-0.005405,-0.034398,-0.012346,0.6855,0.3214,0.3558,0.3229
2017-10-07,19,12,28,59,0.4746,0.225806,0.118644,0.056026,0.25,0.6322,0.34,0.2839,0.3761
2017-10-08,7,4,18,29,0.6207,0.272727,0.103448,-0.037681,-0.166667,0.6062,0.2588,0.2964,0.4448
2017-10-09,41,40,57,138,0.413,0.012346,0.007246,-0.029612,0.068966,0.6956,0.3246,0.3542,0.3212
2017-10-10,57,55,80,192,0.4167,0.017857,0.010417,-0.03448,0.108434,0.686,0.3186,0.3531,0.3283
2017-10-11,68,60,89,217,0.4101,0.0625,0.036866,-0.037887,0.028846,0.7092,0.3248,0.3627,0.3125
2017-10-12,64,44,109,217,0.5023,0.185185,0.092166,0.040961,0.287671,0.6705,0.3365,0.2956,0.3679
2017-10-13,42,31,46,119,0.3866,0.150685,0.092437,0.039526,0.098039,0.6922,0.3608,0.3213,0.3179
2017-10-14,10,8,11,29,0.3793,0.111111,0.068966,0.082476,0.272727,0.6851,0.377,0.2945,0.3285
2017-10-15,22,12,37,71,0.5211,0.294118,0.140845,0.038272,0.227273,0.6729,0.32,0.2817,0.3983
2017-10-16,69,48,96,213,0.4507,0.179487,0.098592,0.027996,0.265823,0.6704,0.3424,0.3144,0.3432
2017-10-17,86,74,92,252,0.3651,0.075,0.047619,-0.006962,0.027027,0.6945,0.3427,0.3496,0.3077
2017-10-18,44,49,82,175,0.4686,-0.053763,-0.028571,-0.078628,-0.015152,0.6837,0.2802,0.3588,0.3609
2017-10-19,27,37,41,105,0.3905,-0.15625,-0.095238,-0.134146,-0.294118,0.7181,0.2763,0.4104,0.3133
2017-10-20,36,51,44,131,0.3359,-0.172414,-0.114504,-0.111231,-0.15,0.6922,0.2958,0.4071,0.2971
2017-10-21,14,9,38,61,0.623,0.217391,0.081967,-0.01373,0.2,0.6439,0.2756,0.2894,0.435
2017-10-22,20,17,41,78,0.5256,0.081081,0.038462,-0.063367,0.052632,0.6288,0.2723,0.3356,0.3921
2017-10-23,21,22,39,82,0.4756,-0.023256,-0.012195,-0.089253,-0.083333,0.7076,0.2767,0.3659,0.3574
2017-10-24,54,34,77,165,0.4667,0.227273,0.121212,0.02959,0.227273,0.6753,0.3442,0.3146,0.3412
2017-10-25,86,49,89,224,0.3973,0.274074,0.165179,0.062601,0.154639,0.7031,0.3728,0.3102,0.3171
2017-10-26,56,38,100,194,0.5155,0.191489,0.092784,-0.00643,0.253968,0.6663,0.3031,0.3095,0.3873
2017-10-27,32,32,56,120,0.4667,0.0,0.0,-0.016092,0.12963,0.7035,0.3249,0.341,0.3341
2017-10-28,16,13,23,52,0.4423,0.103448,0.057692,-0.054595,0.125,0.6801,0.2927,0.3473,0.3601
2017-10-29,16,21,35,72,0.4861,-0.135135,-0.069444,-0.126108,-0.35,0.6346,0.245,0.3711,0.3838
2017-10-30,60,48,86,194,0.4433,0.111111,0.061856,0.011011,0.155556,0.7025,0.3449,0.3338,0.3213
2017-10-31,68,36,76,180,0.4222,0.307692,0.177778,0.080496,0.273973,0.688,0.379,0.2985,0.3225
2017-11-01,82,37,56,175,0.32,0.378151,0.257143,0.184066,0.454545,0.727,0.4543,0.2703,0.2754
2017-11-02,41,32,60,133,0.4511,0.123288,0.067669,0.009273,0.211538,0.6696,0.3398,0.3305,0.3297
2017-11-03,55,44,78,177,0.4407,0.111111,0.062147,0.007251,0.106667,0.699,0.3398,0.3325,0.3277
2017-11-04,21,24,36,81,0.4444,-0.066667,-0.037037,-0.089713,-0.24,0.6461,0.271,0.3608,0.3682
2017-11-05,29,23,43,95,0.4526,0.115385,0.063158,-0.000983,0.05,0.6853,0.3249,0.3259,0.3492
2017-11-06,65,53,87,205,0.4244,0.101695,0.058537,-0.016783,0.116279,0.6894,0.3274,0.3442,0.3284
2017-11-07,23,40,41,104,0.3942,-0.269841,-0.163462,-0.177393,-0.292683,0.6875,0.2428,0.4202,0.3371
2017-11-08,63,82,100,245,0.4082,-0.131034,-0.077551,-0.108232,-0.19,0.6801,0.2824,0.3907,0.3269
2017-11-09,59,48,84,191,0.4398,0.102804,0.057592,-0.004645,0.1,0.6845,0.3296,0.3343,0.3361
2017-11-10,57,54,72,183,0.3934,0.027027,0.016393,-0.05642,-0.076923,0.6945,0.3124,0.3688,0.3188
2017-11-11,25,18,30,73,0.411,0.162791,0.09589,0.023959,0.111111,0.6496,0.343,0.319,0.338
2017-11-12,13,5,19,37,0.5135,0.444444,0.216216,0.07342,0.5,0.6588,0.3519,0.2785,0.3696
2017-11-13,20,28,31,79,0.3924,-0.166667,-0.101266,-0.189273,-0.428571,0.6983,0.2513,0.4406,0.3081
2017-11-14,43,55,72,170,0.4235,-0.122449,-0.070588,-0.114817,-0.306452,0.6833,0.2762,0.391,0.3328
2017-11-15,69,75,88,232,0.3793,-0.041667,-0.025862,-0.086014,-0.174757,0.6847,0.2946,0.3806,0.3248
2017-11-16,69,64,83,216,0.3843,0.037594,0.023148,-0.02066,0.047059,0.6761,0.3244,0.345,0.3306
2017-11-17,77,35,60,172,0.3488,0.375,0.244186,0.15837,0.447059,0.6922,0.4286,0.2702,0.3011
2017-11-18,32,31,32,95,0.3368,0.015873,0.010526,-0.020608,0.157895,0.669,0.3276,0.3482,0.3242
2017-11-19,16,20,38,74,0.5135,-0.111111,-0.054054,-0.099919,-0.277778,0.6389,0.2438,0.3437,0.4124
2017-11-20,78,54,82,214,0.3832,0.181818,0.11215,0.022806,0.137931,0.6873,0.3516,0.3288,0.3196
2017-11-21,64,40,97,201,0.4826,0.230769,0.119403,0.044676,0.3,0.6668,0.3376,0.2929,0.3694
2017-11-22,64,52,73,189,0.3862,0.103448,0.063492,0.015639,0.101124,0.7064,0.356,0.3403,0.3037
2017-11-23,37,37,74,148,0.5,0.0,0.0,-0.050916,0.016949,0.6804,0.2956,0.3465,0.3579
2017-11-24,51,37,88,176,0.5,0.159091,0.079545,0.007721,0.19403,0.6781,0.3179,0.3102,0.3719
2017-11-25,11,22,26,59,0.4407,-0.333333,-0.186441,-0.209736,-0.5,0.6932,0.2098,0.4196,0.3706
2017-11-26,15,13,44,72,0.6111,0.071429,0.027778,-0.021313,0.142857,0.646,0.2767,0.298,0.4253
2017-11-27,52,38,77,167,0.4611,0.155556,0.083832,0.028643,0.205128,0.7046,0.3454,0.3167,0.3379
2017-11-28,40,57,87,184,0.4728,-0.175258,-0.092391,-0.110064,-0.26087,0.6741,0.2653,0.3753,0.3594
2017-11-29,72,54,77,203,0.3793,0.142857,0.08867,0.007559,0.089744,0.6877,0.3449,0.3373,0.3179
2017-11-30,66,58,87,211,0.4123,0.064516,0.037915,-0.042598,0.0,0.6839,0.3151,0.3577,0.3273
2017-12-03,24,13,24,61,0.3934,0.297297,0.180328,0.111688,0.388889,0.6724,0.3773,0.2656,0.3571
2017-12-04,49,47,78,174,0.4483,0.020833,0.011494,-0.013293,0.107692,0.6766,0.3148,0.3281,0.3571
2017-12-05,65,53,96,214,0.4486,0.101695,0.056075,-0.047477,-0.046512,0.6841,0.2996,0.347,0.3534
2017-12-06,44,51,104,199,0.5226,-0.073684,-0.035176,-0.114939,-0.183099,0.6737,0.2565,0.3714,0.3721
2017-12-07,43,38,69,150,0.46,0.061728,0.033333,-0.026543,0.145455,0.6769,0.3131,0.3396,0.3473
2017-12-08,68,47,62,177,0.3503,0.182609,0.118644,0.053223,0.243902,0.7001,0.3765,0.3233,0.3002
2017-12-09,25,11,27,63,0.4286,0.388889,0.222222,0.109035,0.347826,0.6706,0.3879,0.2788,0.3333
2017-12-10,17,20,38,75,0.5067,-0.081081,-0.04,-0.017984,0.032258,0.6662,0.2951,0.3131,0.3918
2017-12-11,74,59,76,209,0.3636,0.112782,0.07177,-0.006147,0.091837,0.6989,0.3455,0.3516,0.3029
2017-12-12,34,43,44,121,0.3636,-0.116883,-0.07438,-0.109486,-0.2,0.6864,0.2832,0.3927,0.3241
2017-12-13,47,70,73,190,0.3842,-0.196581,-0.121053,-0.121003,-0.243902,0.6814,0.2781,0.3991,0.3229
2017-12-14,73,46,98,217,0.4516,0.226891,0.124424,0.033532,0.283784,0.6627,0.3376,0.3041,0.3583
2017-12-15,74,34,72,180,0.4,0.37037,0.222222,0.11572,0.478261,0.671,0.3882,0.2725,0.3393
2017-12-16,19,17,31,67,0.4627,0.055556,0.029851,-0.019631,-0.058824,0.6313,0.2939,0.3135,0.3926
2017-12-17,12,11,21,44,0.4773,0.043478,0.022727,-0.009881,0.166667,0.7167,0.3155,0.3254,0.3592
2017-12-18,65,44,85,194,0.4381,0.192661,0.108247,0.027953,0.19403,0.6514,0.34,0.312,0.348
2017-12-19,62,34,74,170,0.4353,0.291667,0.164706,0.072482,0.338028,0.6839,0.3731,0.3006,0.3263
2017-12-20,42,48,97,187,0.5187,-0.066667,-0.032086,-0.075263,-0.134328,0.664,0.2751,0.3503,0.3746
2017-12-21,52,38,69,159,0.434,0.155556,0.08805,0.02835,0.2,0.6939,0.3496,0.3212,0.3292
2017-12-22,49,47,71,167,0.4251,0.020833,0.011976,-0.024912,0.093333,0.6928,0.3244,0.3493,0.3263
2017-12-23,12,20,29,61,0.4754,-0.25,-0.131148,-0.128966,-0.208333,0.6678,0.2603,0.3893,0.3505
2017-12-24,20,18,37,75,0.4933,0.052632,0.026667,-0.047851,-0.272727,0.6511,0.2843,0.3321,0.3835
2017-12-25,22,28,44,94,0.4681,-0.12,-0.06383,-0.107997,-0.105263,0.6725,0.263,0.371,0.3661
2017-12-26,68,41,72,181,0.3978,0.247706,0.149171,0.052817,0.193182,0.6994,0.3669,0.3141,0.319
2017-12-27,49,37,51,137,0.3723,0.139535,0.087591,-0.011572,0.017241,0.6767,0.3364,0.348,0.3156
2017-12-28,64,43,77,184,0.4185,0.196262,0.11413,0.030556,0.098765,0.6941,0.358,0.3274,0.3146
2017-12-29,54,47,69,170,0.4059,0.069307,0.041176,0.015714,0.164384,0.6855,0.3458,0.3301,0.324
2017-12-30,15,16,29,60,0.4833,-0.032258,-0.016667,-0.019764,0.285714,0.672,0.309,0.3287,0.3623
2017-12-31,11,18,37,66,0.5606,-0.241379,-0.106061,-0.130321,-0.259259,0.6846,0.2408,0.3711,0.3881
2018-01-01,27,16,32,75,0.4267,0.255814,0.146667,0.023831,0.142857,0.6822,0.3477,0.3238,0.3285
2018-01-02,47,41,60,148,0.4054,0.068182,0.040541,-0.025666,0.096774,0.6987,0.3266,0.3523,0.3211
2018-01-03,50,50,63,163,0.3865,0.0,0.0,-0.05946,-0.092105,0.7109,0.3208,0.3803,0.2989
2018-01-04,78,48,69,195,0.3538,0.238095,0.153846,0.077889,0.280488,0.6947,0.3929,0.315,0.2921
2018-01-05,46,48,85,179,0.4749,-0.021277,-0.011173,-0.049667,0.145455,0.6587,0.2918,0.3414,0.3668
2018-01-06,11,29,32,72,0.4444,-0.45,-0.25,-0.240921,-0.5,0.6849,0.21,0.4509,0.3392
2018-01-07,15,13,27,55,0.4909,0.071429,0.036364,-0.118178,-0.333333,0.6654,0.2525,0.3707,0.3768
2018-01-08,86,37,78,201,0.3881,0.398374,0.243781,0.143971,0.446809,0.7087,0.4156,0.2716,0.3128
2018-01-09,52,40,82,174,0.4713,0.130435,0.068966,0.019031,0.208333,0.6907,0.3391,0.32,0.3409
2018-01-10,74,52,83,209,0.3971,0.174603,0.105263,0.047392,0.244444,0.7038,0.3659,0.3185,0.3156
2018-01-11,34,38,67,139,0.482,-0.055556,-0.028777,-0.049706,0.019231,0.6801,0.2959,0.3456,0.3584
2018-01-12,82,39,57,178,0.3202,0.355372,0.241573,0.138029,0.377778,0.7053,0.4256,0.2875,0.2869
2018-01-13,16,16,39,71,0.5493,0.0,0.0,-0.03184,-0.047619,0.6488,0.2785,0.3103,0.4113
2018-01-14,16,19,30,65,0.4615,-0.085714,-0.046154,-0.075093,-0.294118,0.643,0.2724,0.3475,0.3801
2018-01-15,89,53,74,216,0.3426,0.253521,0.166667,0.103671,0.380435,0.6801,0.3962,0.2925,0.3113
2018-01-16,50,50,61,161,0.3789,0.0,0.0,-0.044658,0.0,0.6938,0.3237,0.3684,0.3079
2018-01-17,45,49,91,185,0.4919,-0.042553,-0.021622,-0.078565,-0.089552,0.6757,0.2838,0.3623,0.3539
2018-01-18,98,39,79,216,0.3657,0.430657,0.273148,0.170231,0.489583,0.702,0.4341,0.2639,0.3019
2018-01-19,51,37,77,165,0.4667,0.159091,0.084848,0.021845,0.115942,0.6886,0.3326,0.3107,0.3567
2018-01-20,11,13,17,41,0.4146,-0.083333,-0.04878,-0.059773,0.05,0.7265,0.309,0.3688,0.3222
2018-01-21,12,11,42,65,0.6462,0.043478,0.015385,-0.067091,-0.125,0.621,0.254,0.3211,0.4249
2018-01-22,42,33,67,142,0.4718,0.12,0.06338,0.017368,0.272727,0.6678,0.3349,0.3175,0.3476
2018-01-23,102,22,110,234,0.4701,0.645161,0.34188,0.223363,0.630435,0.6766,0.4353,0.212,0.3527
2018-01-24,62,40,105,207,0.5072,0.215686,0.10628,0.014045,0.115385,0.6782,0.3211,0.3071,0.3717
2018-01-25,57,36,87,180,0.4833,0.225806,0.116667,0.04493,0.238806,0.6693,0.3372,0.2923,0.3705
2018-01-26,15,13,42,70,0.6,0.071429,0.028571,-0.026576,-0.058824,0.6324,0.2745,0.3011,0.4244
2018-01-27,12,12,27,51,0.5294,0.0,0.0,-0.03798,0.0,0.6475,0.2789,0.3169,0.4042
2018-01-28,19,9,43,71,0.6056,0.357143,0.140845,0.02874,0.263158,0.6572,0.2948,0.2661,0.4391
2018-01-29,94,61,138,293,0.471,0.212903,0.112628,0.03057,0.159664,0.681,0.3369,0.3063,0.3568
2018-01-30,46,71,111,228,0.4868,-0.213675,-0.109649,-0.126368,-0.22093,0.6814,0.2567,0.383,0.3603
2018-01-31,23,21,51,95,0.5368,0.045455,0.021053,-0.056573,-0.058824,0.6753,0.2834,0.34,0.3766
2018-02-01,134,92,163,389,0.419,0.185841,0.107969,0.022168,0.107595,0.6779,0.346,0.3238,0.3302
2018-02-02,76,84,99,259,0.3822,-0.05,-0.030888,-0.085791,-0.138211,0.7108,0.3048,0.3905,0.3047
2018-02-03,22,22,26,70,0.3714,0.0,0.0,-0.041372,0.088235,0.7155,0.3256,0.367,0.3074
2018-02-04,27,22,55,104,0.5288,0.102041,0.048077,-0.02399,0.03125,0.6514,0.2935,0.3175,0.3889
2018-02-05,21,29,25,75,0.3333,-0.16,-0.106667,-0.139785,-0.228571,0.7099,0.2816,0.4214,0.2971
2018-02-06,39,82,69,190,0.3632,-0.355372,-0.226316,-0.228597,-0.506173,0.6942,0.2307,0.4593,0.31
2018-02-07,80,69,138,287,0.4808,0.073826,0.038328,-0.040688,0.121495,0.6755,0.3005,0.3412,0.3584
2018-02-08,64,49,69,182,0.3791,0.132743,0.082418,0.009372,0.107143,0.7005,0.3489,0.3396,0.3115
2018-02-09,54,89,63,206,0.3058,-0.244755,-0.169903,-0.19426,-0.371429,0.714,0.269,0.4632,0.2678
2018-02-10,21,19,60,100,0.6,0.05,0.02,-0.065737,-0.103448,0.635,0.2545,0.3202,0.4253
2018-02-11,18,24,38,80,0.475,-0.142857,-0.075,-0.101403,-0.222222,0.6527,0.2606,0.362,0.3774
2018-02-12,69,56,78,203,0.3842,0.104,0.064039,0.018125,0.166667,0.6993,0.3587,0.3406,0.3006
2018-02-13,49,50,59,158,0.3734,-0.010101,-0.006329,-0.039769,0.0625,0.6805,0.3197,0.3595,0.3208
2018-02-14,48,47,56,151,0.3709,0.010526,0.006623,-0.035975,-0.04,0.7031,0.3272,0.3632,0.3097
2018-02-15,45,42,62,149,0.4161,0.034483,0.020134,-0.037236,-0.029851,0.6891,0.3226,0.3599,0.3175
2018-02-16,55,44,59,158,0.3734,0.111111,0.06962,0.021565,0.128205,0.7125,0.3672,0.3456,0.2873
2018-02-17,18,36,19,73,0.2603,-0.333333,-0.246575,-0.21321,-0.486486,0.7,0.259,0.4722,0.2688
2018-02-18,12,21,40,73,0.5479,-0.272727,-0.123288,-0.191427,-0.75,0.6444,0.1924,0.3838,0.4237
2018-02-19,56,46,67,169,0.3964,0.098039,0.059172,-0.022471,0.064935,0.6987,0.3283,0.3507,0.321
2018-02-20,43,63,61,167,0.3653,-0.188679,-0.11976,-0.138017,-0.263158,0.7,0.2781,0.4162,0.3057
2018-02-21,38,38,65,141,0.461,0.0,0.0,-0.036585,-0.016949,0.6904,0.3073,0.3439,0.3489
2018-02-22,38,61,62,161,0.3851,-0.232323,-0.142857,-0.152959,-0.333333,0.7049,0.2715,0.4245,0.304
2018-02-23,54,41,73,168,0.4345,0.136842,0.077381,-0.002351,0.073529,0.6832,0.3346,0.337,0.3284
2018-02-24,22,20,45,87,0.5172,0.047619,0.022989,-0.026683,-0.086957,0.6342,0.2818,0.3084,0.4098
2018-02-25,13,19,26,58,0.4483,-0.1875,-0.103448,-0.154904,-0.333333,0.6548,0.2502,0.4051,0.3448
2018-02-26,63,49,86,198,0.4343,0.125,0.070707,0.023932,0.180723,0.6914,0.3493,0.3253,0.3254
2018-02-27,35,37,59,131,0.4504,-0.027778,-0.015267,-0.048512,-0.020833,0.6839,0.2949,0.3435,0.3616
2018-02-28,49,55,53,157,0.3376,-0.057692,-0.038217,-0.080613,-0.146341,0.7167,0.3174,0.398,0.2846
2018-03-01,68,68,69,205,0.3366,0.0,0.0,-0.024039,-0.028037,0.7208,0.3516,0.3756,0.2728
2018-03-02,14,23,23,60,0.3833,-0.243243,-0.15,-0.150244,-0.296296,0.7023,0.2741,0.4244,0.3015
2018-03-03,12,19,19,50,0.38,-0.225806,-0.14,-0.152376,-0.25,0.6957,0.2748,0.4272,0.2981
2018-03-04,11,32,34,77,0.4416,-0.488372,-0.272727,-0.218993,-0.37931,0.6793,0.2026,0.4216,0.3758
2018-03-05,53,63,84,200,0.42,-0.086207,-0.05,-0.105711,-0.096386,0.6958,0.2891,0.3948,0.3161
2018-03-06,46,43,67,156,0.4295,0.033708,0.019231,-0.028077,0.013699,0.6929,0.327,0.355,0.318
2018-03-07,45,73,85,203,0.4187,-0.237288,-0.137931,-0.158143,-0.317073,0.6814,0.2558,0.4139,0.3303
2018-03-08,42,46,78,166,0.4699,-0.045455,-0.024096,-0.036146,0.057692,0.6611,0.3048,0.3409,0.3543
2018-03-09,49,57,71,177,0.4011,-0.075472,-0.045198,-0.088235,-0.15493,0.6852,0.3004,0.3887,0.3109
2018-03-10,16,18,27,61,0.4426,-0.058824,-0.032787,-0.092546,-0.137931,0.6941,0.2689,0.3614,0.3697
2018-03-11,21,20,27,68,0.3971,0.02439,0.014706,-0.019941,0.096774,0.6987,0.3277,0.3476,0.3247
2018-03-12,47,37,45,129,0.3488,0.119048,0.077519,0.033026,0.262295,0.7147,0.373,0.34,0.287
2018-03-13,31,40,68,139,0.4892,-0.126761,-0.064748,-0.091745,-0.157895,0.6896,0.2801,0.3718,0.3481
2018-03-14,63,57,99,219,0.4521,0.05,0.027397,-0.045217,-0.157895,0.67,0.304,0.3492,0.3469
2018-03-15,56,50,64,170,0.3765,0.056604,0.035294,-0.026151,-0.028169,0.6832,0.3338,0.3599,0.3063
2018-03-16,39,61,68,168,0.4048,-0.22,-0.130952,-0.147934,-0.246575,0.6975,0.2688,0.4168,0.3144
2018-03-17,19,25,27,71,0.3803,-0.136364,-0.084507,-0.100489,-0.307692,0.6705,0.2873,0.3878,0.3249
2018-03-18,12,28,42,82,0.5122,-0.4,-0.195122,-0.17492,-0.551724,0.6624,0.2296,0.4045,0.366
2018-03-19,40,67,74,181,0.4088,-0.252336,-0.149171,-0.179422,-0.39759,0.7105,0.2535,0.4329,0.3137
2018-03-20,49,56,66,171,0.386,-0.066667,-0.040936,-0.097855,-0.205479,0.6972,0.2952,0.3931,0.3117
2018-03-21,59,39,64,162,0.3951,0.204082,0.123457,0.018471,0.169231,0.6772,0.3401,0.3217,0.3382
2018-03-22,54,65,62,181,0.3425,-0.092437,-0.060773,-0.079577,-0.108434,0.6998,0.31,0.3896,0.3004
2018-03-23,29,85,53,167,0.3174,-0.491228,-0.335329,-0.302197,-0.613636,0.7189,0.2182,0.5204,0.2615
2018-03-24,13,29,32,74,0.4324,-0.380952,-0.216216,-0.215979,-0.583333,0.6378,0.2229,0.4389,0.3382
2018-03-25,19,13,43,75,0.5733,0.1875,0.08,0.037094,0.315789,0.629,0.3105,0.2734,0.416
2018-03-26,72,68,84,224,0.375,0.028571,0.017857,-0.028027,0.01,0.6969,0.3329,0.3609,0.3062
2018-03-27,67,33,63,163,0.3865,0.34,0.208589,0.116723,0.43662,0.6938,0.404,0.2873,0.3086
2018-03-28,42,53,62,157,0.3949,-0.115789,-0.070064,-0.122213,-0.365079,0.6863,0.2809,0.4031,0.316
2018-03-29,34,30,67,131,0.5115,0.0625,0.030534,-0.032451,0.1,0.6445,0.2887,0.3212,0.3901
2018-03-30,21,34,28,83,0.3373,-0.236364,-0.156627,-0.155488,-0.219512,0.7141,0.2798,0.4352,0.285
2018-03-31,15,4,20,39,0.5128,0.578947,0.282051,0.134091,0.555556,0.6129,0.3757,0.2416,0.3828
2018-04-01,17,13,25,55,0.4545,0.133333,0.072727,-0.01192,0.111111,0.683,0.3159,0.3278,0.3563
2018-04-02,62,49,53,164,0.3232,0.117117,0.079268,0.03399,0.135802,0.7176,0.3735,0.3395,0.2869
2018-04-03,70,57,67,194,0.3454,0.102362,0.06701,-0.01456,0.0,0.697,0.3448,0.3593,0.2959
2018-04-04,35,46,46,127,0.3622,-0.135802,-0.086614,-0.101837,-0.152542,0.7064,0.2906,0.3924,0.3171
2018-04-05,84,53,87,224,0.3884,0.226277,0.138393,0.08126,0.378378,0.7089,0.3896,0.3083,0.3021
2018-04-06,54,71,64,189,0.3386,-0.136,-0.089947,-0.095173,-0.146067,0.7045,0.3025,0.3977,0.2998
2018-04-07,15,17,26,58,0.4483,-0.0625,-0.034483,-0.081537,-0.166667,0.6995,0.2922,0.3737,0.3341
2018-04-08,18,12,27,57,0.4737,0.2,0.105263,-0.01446,0.0625,0.6481,0.2953,0.3097,0.395
2018-04-09,67,47,58,172,0.3372,0.175439,0.116279,0.056,0.215054,0.7267,0.3869,0.3309,0.2821
2018-04-10,58,57,83,198,0.4192,0.008696,0.005051,0.001413,0.123596,0.6916,0.3383,0.3369,0.3248
2018-04-11,61,50,79,190,0.4158,0.099099,0.057895,0.011763,0.103896,0.6923,0.3385,0.3268,0.3347
2018-04-12,58,72,77,207,0.372,-0.107692,-0.067633,-0.087397,-0.065934,0.695,0.3032,0.3906,0.3062
2018-04-13,76,34,80,190,0.4211,0.381818,0.221053,0.137387,0.487805,0.6911,0.4045,0.2671,0.3283
2018-04-14,10,14,32,56,0.5714,-0.166667,-0.071429,-0.102924,-0.071429,0.6253,0.2418,0.3447,0.4136
2018-04-15,9,11,33,53,0.6226,-0.1,-0.037736,-0.066035,-0.176471,0.6751,0.2635,0.3295,0.407
2018-04-16,28,24,36,88,0.4091,0.076923,0.045455,-0.037963,0.0,0.6771,0.3124,0.3504,0.3373
2018-04-17,52,41,64,157,0.4076,0.11828,0.070064,-0.00891,-0.015385,0.6925,0.3303,0.3393,0.3304
2018-04-18,79,77,84,240,0.35,0.012821,0.008333,-0.051642,-0.083333,0.7191,0.3261,0.3778,0.2961
2018-04-19,76,56,70,202,0.3465,0.151515,0.09901,0.037024,0.166667,0.6971,0.366,0.329,0.305
2018-04-20,39,42,40,121,0.3306,-0.037037,-0.024793,-0.039066,-0.088235,0.7242,0.3451,0.3842,0.2707
2018-04-21,15,22,28,65,0.4308,-0.189189,-0.107692,-0.06799,-0.107143,0.6775,0.2891,0.3571,0.3537
2018-04-22,17,17,28,62,0.4516,0.0,0.0,-0.044434,-0.136364,0.6738,0.2973,0.3417,0.3609
2018-04-23,50,45,69,164,0.4207,0.052632,0.030488,-0.048882,-0.044776,0.6862,0.3089,0.3577,0.3334
2018-04-24,59,45,48,152,0.3158,0.134615,0.092105,0.028483,0.037037,0.7213,0.3798,0.3513,0.2689
2018-04-25,35,46,67,148,0.4527,-0.135802,-0.074324,-0.090677,-0.196721,0.6946,0.2949,0.3855,0.3196
2018-04-26,46,40,70,156,0.4487,0.069767,0.038462,0.007674,0.151515,0.6872,0.3372,0.3296,0.3332
2018-04-27,48,32,54,134,0.403,0.2,0.119403,0.049608,0.184615,0.7112,0.3785,0.3289,0.2926
2018-04-28,12,10,31,53,0.5849,0.090909,0.037736,-0.020136,0.133333,0.6644,0.2866,0.3068,0.4066
2018-04-29,18,7,21,46,0.4565,0.44,0.23913,0.102353,0.375,0.6818,0.3707,0.2683,0.361
2018-04-30,57,30,57,144,0.3958,0.310345,0.1875,0.143824,0.507937,0.6943,0.413,0.2691,0.3179
2018-05-01,37,22,44,103,0.4272,0.254237,0.145631,0.052057,0.24,0.71,0.3656,0.3135,0.321
2018-05-02,49,41,53,143,0.3706,0.088889,0.055944,0.011574,0.060606,0.7041,0.3523,0.3407,0.307
2018-05-03,44,57,57,158,0.3608,-0.128713,-0.082278,-0.107235,-0.168675,0.731,0.2983,0.4056,0.2961
2018-05-04,53,41,46,140,0.3286,0.12766,0.085714,0.012546,0.029412,0.7182,0.3596,0.347,0.2934
2018-05-05,16,13,31,60,0.5167,0.103448,0.05,-0.019046,0.0,0.6695,0.303,0.3221,0.3749
2018-05-06,11,16,22,49,0.449,-0.185185,-0.102041,-0.125775,-0.055556,0.6808,0.2597,0.3855,0.3548
2018-05-07,53,47,43,143,0.3007,0.06,0.041958,0.006475,0.027027,0.7202,0.3685,0.3621,0.2694
2018-05-08,43,39,73,155,0.471,0.04878,0.025806,-0.008738,0.16129,0.6744,0.3241,0.3328,0.3432
2018-05-09,50,47,76,173,0.4393,0.030928,0.017341,-0.027134,-0.016129,0.6632,0.3183,0.3455,0.3362
2018-05-10,45,40,61,146,0.4178,0.058824,0.034247,-0.04433,-0.116667,0.6904,0.3156,0.3599,0.3245
2018-05-11,44,32,40,116,0.3448,0.157895,0.103448,0.071725,0.25,0.714,0.3853,0.3135,0.3012
2018-05-12,6,4,19,29,0.6552,0.2,0.068966,0.020757,0.166667,0.5994,0.2954,0.2747,0.4299
2018-05-13,21,11,43,75,0.5733,0.3125,0.133333,0.032613,0.068966,0.6737,0.3165,0.2839,0.3996
2018-05-14,40,55,75,170,0.4412,-0.157895,-0.088235,-0.099431,-0.084507,0.6852,0.2823,0.3817,0.336
2018-05-15,45,32,52,129,0.4031,0.168831,0.100775,0.023057,0.176471,0.6893,0.3488,0.3257,0.3254
2018-05-16,19,62,51,132,0.3864,-0.530864,-0.325758,-0.300406,-0.577465,0.7283,0.2075,0.508,0.2845
2018-05-17,43,38,66,147,0.449,0.061728,0.034014,-0.029173,0.137255,0.6563,0.3134,0.3426,0.344
2018-05-18,43,54,48,145,0.331,-0.113402,-0.075862,-0.095543,-0.161765,0.7048,0.3183,0.4138,0.2679
2018-05-19,15,8,24,47,0.5106,0.304348,0.148936,0.038894,0.0,0.6436,0.324,0.2851,0.3909
2018-05-20,24,12,29,65,0.4462,0.333333,0.184615,0.073248,0.3,0.6491,0.3565,0.2833,0.3602
2018-05-21,46,49,41,136,0.3015,-0.031579,-0.022059,-0.05827,-0.19697,0.7042,0.3325,0.3907,0.2768
2018-05-22,45,50,54,149,0.3624,-0.052632,-0.033557,-0.062247,-0.015625,0.6907,0.3155,0.3777,0.3068
2018-05-23,50,53,57,160,0.3562,-0.029126,-0.01875,-0.070395,-0.150685,0.6888,0.3059,0.3763,0.3178
2018-05-24,56,72,60,188,0.3191,-0.125,-0.085106,-0.089393,-0.178571,0.6998,0.312,0.4014,0.2866
2018-05-25,46,31,47,124,0.379,0.194805,0.120968,0.047832,0.192982,0.7092,0.372,0.3242,0.3037
2018-05-26,29,25,37,91,0.4066,0.074074,0.043956,-0.009022,-0.081081,0.6828,0.3299,0.339,0.3311
2018-05-27,18,15,42,75,0.56,0.090909,0.04,-0.021376,0.068966,0.6763,0.2961,0.3175,0.3864
2018-05-28,53,31,52,136,0.3824,0.261905,0.161765,0.113329,0.403226,0.705,0.3969,0.2835,0.3196
2018-05-29,34,67,50,151,0.3311,-0.326733,-0.218543,-0.22244,-0.366667,0.7468,0.258,0.4804,0.2616
2018-05-30,36,85,77,198,0.3889,-0.404959,-0.247475,-0.220532,-0.443182,0.704,0.2329,0.4535,0.3136
2018-05-31,57,28,51,136,0.375,0.341176,0.213235,0.11072,0.28169,0.7235,0.4106,0.2999,0.2895
2018-06-01,57,74,57,188,0.3032,-0.129771,-0.090426,-0.079852,-0.134021,0.7165,0.328,0.4079,0.2641
2018-06-02,19,27,33,79,0.4177,-0.173913,-0.101266,-0.15225,-0.282051,0.7111,0.2644,0.4166,0.3191
2018-06-03,20,23,26,69,0.3768,-0.069767,-0.043478,-0.069692,-0.066667,0.6907,0.3078,0.3775,0.3148
2018-06-04,35,54,77,166,0.4639,-0.213483,-0.114458,-0.166627,-0.314286,0.6935,0.2472,0.4138,0.339
2018-06-05,28,37,69,134,0.5149,-0.138462,-0.067164,-0.134337,-0.34,0.6793,0.2493,0.3836,0.3671
2018-06-06,104,56,99,259,0.3822,0.3,0.185328,0.081902,0.234234,0.687,0.3765,0.2946,0.3288
2018-06-07,54,58,62,174,0.3563,-0.035714,-0.022989,-0.065759,-0.109589,0.6879,0.309,0.3747,0.3163
2018-06-08,41,45,51,137,0.3723,-0.046512,-0.029197,-0.067059,-0.09589,0.7212,0.3277,0.3948,0.2774
2018-06-09,10,12,26,48,0.5417,-0.090909,-0.041667,-0.124934,-0.263158,0.6782,0.2486,0.3735,0.3779
2018-06-10,11,11,13,35,0.3714,0.0,0.0,-0.024224,0.0,0.7059,0.3375,0.3617,0.3007
2018-06-11,55,49,59,163,0.362,0.057692,0.03681,-0.011363,0.064935,0.7103,0.3457,0.357,0.2973
2018-06-12,62,42,84,188,0.4468,0.192308,0.106383,0.04652,0.185714,0.6842,0.3491,0.3026,0.3483
2018-06-13,64,42,53,159,0.3333,0.207547,0.138365,0.077637,0.273973,0.7075,0.3927,0.315,0.2923
2018-06-14,49,72,50,171,0.2924,-0.190083,-0.134503,-0.160971,-0.3,0.7234,0.29,0.451,0.259
2018-06-15,32,64,53,149,0.3557,-0.333333,-0.214765,-0.186345,-0.30137,0.7063,0.26,0.4463,0.2937
2018-06-16,10,22,21,53,0.3962,-0.375,-0.226415,-0.214761,-0.4,0.7165,0.239,0.4538,0.3072
2018-06-17,15,18,28,61,0.459,-0.090909,-0.04918,-0.073218,-0.058824,0.6246,0.2553,0.3286,0.4161
2018-06-18,55,57,98,210,0.4667,-0.017857,-0.009524,-0.039323,-0.011111,0.6867,0.3129,0.3522,0.3348
2018-06-19,44,62,60,166,0.3614,-0.169811,-0.108434,-0.158103,-0.363636,0.7006,0.2713,0.4294,0.2993
2018-06-20,58,50,106,214,0.4953,0.074074,0.037383,-0.009064,0.094595,0.6658,0.3146,0.3236,0.3618
2018-06-21,44,59,65,168,0.3869,-0.145631,-0.089286,-0.093349,-0.148649,0.6884,0.2968,0.3902,0.313
2018-06-22,61,49,50,160,0.3125,0.109091,0.075,0.018576,0.12,0.7049,0.3616,0.3431,0.2953
2018-06-23,15,28,27,70,0.3857,-0.302326,-0.185714,-0.200906,-0.535714,0.6784,0.2424,0.4433,0.3143
2018-06-24,19,12,25,56,0.4464,0.225806,0.125,0.037228,0.318182,0.6721,0.3387,0.3014,0.3599
2018-06-25,17,37,28,82,0.3415,-0.37037,-0.243902,-0.210468,-0.333333,0.7023,0.2491,0.4595,0.2914
2018-06-26,35,49,69,153,0.451,-0.166667,-0.091503,-0.149201,-0.304348,0.6977,0.2554,0.4046,0.34
2018-06-27,50,63,48,161,0.2981,-0.115044,-0.080745,-0.104382,-0.188235,0.724,0.3175,0.4219,0.2606
2018-06-28,50,80,56,186,0.3011,-0.230769,-0.16129,-0.166491,-0.333333,0.7301,0.2857,0.4522,0.2621
2018-06-29,59,50,64,173,0.3699,0.082569,0.052023,0.029925,0.166667,0.7085,0.3703,0.3404,0.2893
2018-06-30,4,13,16,33,0.4848,-0.529412,-0.272727,-0.250118,-0.5,0.6789,0.2019,0.452,0.346
2018-07-01,19,10,20,49,0.4082,0.310345,0.183673,0.078661,0.173913,0.699,0.3834,0.3048,0.3118
2018-07-02,35,64,73,172,0.4244,-0.292929,-0.168605,-0.177768,-0.357143,0.7083,0.2532,0.431,0.3158
2018-07-03,74,59,56,189,0.2963,0.112782,0.079365,0.047022,0.222222,0.7179,0.3908,0.3438,0.2654
2018-07-04,62,51,88,201,0.4378,0.097345,0.054726,0.001904,0.126316,0.7018,0.3419,0.34,0.318
2018-07-05,35,43,45,123,0.3659,-0.102564,-0.065041,-0.086071,-0.196078,0.6778,0.3008,0.3869,0.3123
2018-07-06,63,59,37,159,0.2327,0.032787,0.025157,-0.017757,0.010638,0.7548,0.3783,0.3961,0.2255
2018-07-07,21,23,32,76,0.4211,-0.045455,-0.026316,-0.055913,-0.193548,0.6796,0.3073,0.3632,0.3295
2018-07-08,33,16,24,73,0.3288,0.346939,0.232877,0.092908,0.142857,0.6907,0.3842,0.2913,0.3245
2018-07-09,87,47,81,215,0.3767,0.298507,0.186047,0.107118,0.36,0.7003,0.4059,0.2988,0.2952
2018-07-10,26,28,28,82,0.3415,-0.037037,-0.02439,-0.033917,-0.027027,0.7075,0.34,0.374,0.286
2018-07-11,32,40,47,119,0.395,-0.111111,-0.067227,-0.091015,-0.177778,0.6708,0.2884,0.3794,0.3322
2018-07-12,101,73,63,237,0.2658,0.16092,0.118143,0.072852,0.204545,0.7264,0.411,0.3382,0.2507
2018-07-13,94,53,66,213,0.3099,0.278912,0.192488,0.098366,0.262626,0.6985,0.4101,0.3117,0.2781
2018-07-14,22,18,33,73,0.4521,0.1,0.054795,-0.000473,0.185185,0.6771,0.3225,0.323,0.3545
2018-07-15,1,8,12,21,0.5714,-0.777778,-0.333333,-0.339478,-1.0,0.6471,0.1141,0.4536,0.4323
2018-07-16,46,46,57,149,0.3826,0.0,0.0,-0.094363,-0.237288,0.6725,0.2942,0.3885,0.3173
2018-07-17,94,52,82,228,0.3596,0.287671,0.184211,0.012935,-0.037975,0.6542,0.3448,0.3318,0.3234
2018-07-18,62,42,92,196,0.4694,0.192308,0.102041,-0.002294,0.067797,0.6384,0.3143,0.3166,0.3692
2018-07-19,72,45,68,185,0.3676,0.230769,0.145946,0.029281,0.115942,0.6619,0.3534,0.3242,0.3224
2018-07-20,83,40,53,176,0.3011,0.349593,0.244318,0.061211,0.141026,0.6806,0.3865,0.3253,0.2882
2018-07-21,23,23,27,73,0.3699,0.0,0.0,-0.07441,-0.315789,0.6308,0.2853,0.3597,0.3549
2018-07-22,16,12,29,57,0.5088,0.142857,0.070175,-0.055889,-0.142857,0.664,0.2799,0.3358,0.3842
2018-07-23,67,58,88,213,0.4131,0.072,0.042254,-0.045309,-0.107143,0.6737,0.3121,0.3574,0.3305
2018-07-24,73,46,70,189,0.3704,0.226891,0.142857,-0.002928,-0.028571,0.6614,0.3296,0.3325,0.3379
2018-07-25,52,33,73,158,0.462,0.223529,0.120253,0.009771,0.111111,0.6564,0.3269,0.3172,0.3559
2018-07-26,90,50,76,216,0.3519,0.285714,0.185185,0.03715,0.022472,0.6652,0.3577,0.3206,0.3217
2018-07-27,91,23,61,175,0.3486,0.596491,0.388571,0.15905,0.451613,0.6561,0.4184,0.2593,0.3223
2018-07-28,26,17,35,78,0.4487,0.209302,0.115385,0.024578,0.173913,0.6458,0.3317,0.3072,0.3611
2018-07-29,27,12,35,74,0.473,0.384615,0.202703,0.041614,0.071429,0.6099,0.323,0.2814,0.3956
2018-07-30,28,16,44,88,0.5,0.272727,0.136364,0.023468,0.148148,0.652,0.3267,0.3032,0.3701
2018-07-31,41,39,62,142,0.4366,0.025,0.014085,-0.083684,-0.156863,0.6611,0.2813,0.365,0.3537
2018-08-01,85,56,84,225,0.3733,0.205674,0.128889,-0.042542,-0.177215,0.649,0.3071,0.3497,0.3432
2018-08-02,63,62,62,187,0.3316,0.008,0.005348,-0.067371,-0.162162,0.6739,0.3121,0.3795,0.3084
2018-08-03,96,42,53,191,0.2775,0.391304,0.282723,0.092863,0.236842,0.6706,0.4003,0.3075,0.2922
2018-08-04,22,6,13,41,0.3171,0.571429,0.390244,0.260384,0.875,0.6801,0.4758,0.2154,0.3088
2018-08-05,26,14,34,74,0.4595,0.3,0.162162,0.030621,0.181818,0.6469,0.3169,0.2863,0.3968
2018-08-06,68,38,57,163,0.3497,0.283019,0.184049,0.060772,0.202899,0.6887,0.3754,0.3146,0.31
2018-08-07,76,45,82,203,0.4039,0.256198,0.152709,-0.00284,0.047619,0.628,0.3224,0.3252,0.3524
2018-08-08,87,36,75,198,0.3788,0.414634,0.257576,0.084081,0.266667,0.6401,0.3654,0.2813,0.3532
2018-08-09,52,28,65,145,0.4483,0.3,0.165517,0.017817,0.117647,0.6562,0.3343,0.3165,0.3493
2018-08-10,60,40,43,143,0.3007,0.2,0.13986,-0.036101,-0.166667,0.6729,0.3368,0.3729,0.2904
2018-08-11,17,12,24,53,0.4528,0.172414,0.09434,-0.011449,-0.4,0.6169,0.3204,0.3318,0.3478
2018-08-12,18,14,21,53,0.3962,0.125,0.075472,0.006295,0.0,0.6243,0.3255,0.3192,0.3553
2018-08-13,67,50,58,175,0.3314,0.145299,0.097143,-0.049321,-0.151515,0.6505,0.3227,0.372,0.3053
2018-08-14,73,55,47,175,0.2686,0.140625,0.102857,-0.027802,-0.056338,0.6667,0.3444,0.3722,0.2834
2018-08-15,21,15,42,78,0.5385,0.166667,0.076923,-0.05235,-0.041667,0.6357,0.2692,0.3216,0.4092
2018-08-16,52,55,60,167,0.3593,-0.028037,-0.017964,-0.107195,-0.272727,0.6919,0.2972,0.4044,0.2984
2018-08-17,57,53,56,166,0.3373,0.036364,0.024096,-0.044347,-0.013158,0.6875,0.3242,0.3686,0.3072
2018-08-18,12,14,21,47,0.4468,-0.076923,-0.042553,-0.055264,0.055556,0.6923,0.2957,0.351,0.3533
2018-08-19,16,19,16,51,0.3137,-0.085714,-0.058824,-0.091068,-0.074074,0.7285,0.3123,0.4033,0.2844
2018-08-20,54,34,45,133,0.3383,0.227273,0.150376,0.061411,0.262295,0.7062,0.3907,0.3293,0.2801
2018-08-21,52,31,61,144,0.4236,0.253012,0.145833,0.041408,0.272727,0.7011,0.3635,0.3221,0.3144
2018-08-22,25,23,32,80,0.4,0.041667,0.025,-0.069351,-0.129032,0.6754,0.296,0.3653,0.3387
2018-08-23,43,61,66,170,0.3882,-0.173077,-0.105882,-0.111868,-0.203125,0.677,0.283,0.3948,0.3222
2018-08-24,32,50,50,132,0.3788,-0.219512,-0.136364,-0.159713,-0.377358,0.6689,0.2569,0.4166,0.3265
2018-08-25,12,12,15,39,0.3846,0.0,0.0,-0.016137,0.117647,0.6901,0.3311,0.3472,0.3217
2018-08-26,11,19,20,50,0.4,-0.266667,-0.16,-0.109616,-0.055556,0.6595,0.268,0.3776,0.3544
2018-08-27,59,33,58,150,0.3867,0.282609,0.173333,0.090215,0.311475,0.6908,0.3845,0.2943,0.3212
2018-08-28,46,27,41,114,0.3596,0.260274,0.166667,0.107915,0.277778,0.7059,0.4092,0.3013,0.2894
2018-08-29,40,55,63,158,0.3987,-0.157895,-0.094937,-0.130825,-0.25974,0.6942,0.2789,0.4098,0.3113
2018-08-30,57,38,68,163,0.4172,0.2,0.116564,0.035757,0.106061,0.6752,0.3549,0.3191,0.326
2018-08-31,66,70,43,179,0.2402,-0.029412,-0.022346,-0.054735,-0.083333,0.7207,0.3545,0.4092,0.2363
2018-09-01,20,16,32,68,0.4706,0.111111,0.058824,-0.013549,0.045455,0.6807,0.3136,0.3272,0.3592
2018-09-02,18,21,28,67,0.4179,-0.076923,-0.044776,-0.079428,-0.111111,0.6767,0.302,0.3814,0.3165
2018-09-03,37,52,33,122,0.2705,-0.168539,-0.122951,-0.110373,-0.191176,0.7344,0.3238,0.4341,0.2421
2018-09-04,30,66,60,156,0.3846,-0.375,-0.230769,-0.208623,-0.419355,0.6841,0.2379,0.4465,0.3156
2018-09-05,33,58,81,172,0.4709,-0.274725,-0.145349,-0.163425,-0.30137,0.6964,0.2439,0.4074,0.3487
2018-09-06,38,66,61,165,0.3697,-0.269231,-0.169697,-0.166159,-0.317647,0.7232,0.2712,0.4373,0.2915
2018-09-07,48,54,44,146,0.3014,-0.058824,-0.041096,-0.100576,-0.263889,0.712,0.3131,0.4137,0.2732
2018-09-08,11,21,36,68,0.5294,-0.3125,-0.147059,-0.142963,-0.307692,0.6702,0.2438,0.3868,0.3693
2018-09-09,14,16,32,62,0.5161,-0.066667,-0.032258,-0.069803,-0.0625,0.6557,0.2613,0.3311,0.4076
2018-09-10,36,98,76,210,0.3619,-0.462687,-0.295238,-0.258844,-0.585366,0.6845,0.2131,0.472,0.3149
2018-09-11,42,49,58,149,0.3893,-0.076923,-0.04698,-0.119074,-0.269841,0.6931,0.2818,0.4008,0.3174
2018-09-12,46,57,70,173,0.4046,-0.106796,-0.063584,-0.103699,-0.193548,0.6619,0.2875,0.3912,0.3212
2018-09-13,38,55,69,162,0.4259,-0.182796,-0.104938,-0.105067,-0.220339,0.6685,0.2768,0.3818,0.3414
2018-09-14,70,58,67,195,0.3436,0.09375,0.061538,0.019493,0.146067,0.7035,0.3649,0.3454,0.2898
2018-09-15,15,14,34,63,0.5397,0.034483,0.015873,-0.042972,0.105263,0.6558,0.2823,0.3253,0.3925
2018-09-16,6,19,33,58,0.569,-0.52,-0.224138,-0.191258,-0.538462,0.6255,0.1955,0.3867,0.4178
2018-09-17,40,68,75,183,0.4098,-0.259259,-0.153005,-0.183684,-0.316456,0.6986,0.2487,0.4323,0.319
2018-09-18,46,66,72,184,0.3913,-0.178571,-0.108696,-0.152042,-0.337838,0.6835,0.2618,0.4139,0.3243
2018-09-19,56,49,75,180,0.4167,0.066667,0.038889,-0.034363,0.012821,0.691,0.3219,0.3563,0.3218
2018-09-20,39,50,81,170,0.4765,-0.123596,-0.064706,-0.083018,-0.142857,0.6726,0.2767,0.3597,0.3635
2018-09-21,41,48,61,150,0.4067,-0.078652,-0.046667,-0.093389,-0.153846,0.6954,0.2963,0.3897,0.314
2018-09-22,9,19,16,44,0.3636,-0.357143,-0.227273,-0.240625,-0.6,0.6873,0.2278,0.4684,0.3037
2018-09-23,11,12,21,44,0.4773,-0.043478,-0.022727,-0.095287,-0.066667,0.6813,0.2772,0.3724,0.3504
2018-09-24,41,70,85,196,0.4337,-0.261261,-0.147959,-0.175662,-0.39759,0.692,0.2509,0.4266,0.3226
2018-09-25,41,52,61,154,0.3961,-0.11828,-0.071429,-0.108802,-0.211268,0.6872,0.2886,0.3974,0.3139
2018-09-26,40,57,74,171,0.4327,-0.175258,-0.099415,-0.102699,-0.125,0.6912,0.2832,0.3859,0.3309
2018-09-27,48,62,83,193,0.4301,-0.127273,-0.072539,-0.107127,-0.171429,0.6633,0.2778,0.3849,0.3373
2018-09-28,39,54,48,141,0.3404,-0.16129,-0.106383,-0.130307,-0.185714,0.7148,0.2894,0.4197,0.2909
2018-09-29,7,24,22,53,0.4151,-0.548387,-0.320755,-0.260694,-0.6,0.6665,0.204,0.4647,0.3314
2018-09-30,11,30,36,77,0.4675,-0.463415,-0.246753,-0.229113,-0.586207,0.6719,0.2042,0.4333,0.3625
2018-10-01,51,49,65,165,0.3939,0.02,0.012121,-0.056087,-0.115385,0.7085,0.318,0.3741,0.3078
2018-10-02,32,42,51,125,0.408,-0.135135,-0.08,-0.082021,0.0,0.6727,0.2903,0.3723,0.3374
2018-10-03,41,56,62,159,0.3899,-0.154639,-0.09434,-0.094982,-0.104478,0.6922,0.302,0.3969,0.3011
2018-10-04,41,90,82,213,0.385,-0.374046,-0.230047,-0.238861,-0.531915,0.6963,0.2277,0.4666,0.3057
2018-10-05,36,76,88,200,0.44,-0.357143,-0.2,-0.20972,-0.407407,0.6942,0.2307,0.4404,0.3289
2018-10-06,12,30,27,69,0.3913,-0.428571,-0.26087,-0.237062,-0.551724,0.6706,0.2132,0.4503,0.3365
2018-10-07,19,29,35,83,0.4217,-0.208333,-0.120482,-0.146716,-0.323529,0.6892,0.2584,0.4051,0.3365
2018-10-08,21,33,39,93,0.4194,-0.222222,-0.129032,-0.13607,-0.268293,0.7017,0.267,0.403,0.33
2018-10-09,40,64,61,165,0.3697,-0.230769,-0.145455,-0.194642,-0.384615,0.7078,0.252,0.4467,0.3013
2018-10-10,61,57,53,171,0.3099,0.033898,0.023392,-0.054236,-0.119565,0.7226,0.3323,0.3865,0.2812
2018-10-11,59,93,79,231,0.342,-0.223684,-0.147186,-0.162883,-0.294118,0.7224,0.2809,0.4438,0.2752
2018-10-12,46,69,57,172,0.3314,-0.2,-0.133721,-0.133238,-0.2,0.721,0.297,0.4303,0.2727
2018-10-13,25,16,27,68,0.3971,0.219512,0.132353,0.068606,0.25,0.6787,0.3693,0.3007,0.33
2018-10-14,17,25,36,78,0.4615,-0.190476,-0.102564,-0.104482,-0.166667,0.6917,0.2735,0.3779,0.3486
2018-10-15,53,72,74,199,0.3719,-0.152,-0.095477,-0.127228,-0.25,0.7013,0.2841,0.4113,0.3046
2018-10-16,42,67,54,163,0.3313,-0.229358,-0.153374,-0.115694,-0.142857,0.6902,0.2962,0.4119,0.2919
2018-10-17,40,45,60,145,0.4138,-0.058824,-0.034483,-0.065888,-0.046154,0.7027,0.3077,0.3736,0.3188
2018-10-18,26,30,57,113,0.5044,-0.071429,-0.035398,-0.097255,-0.175,0.67,0.2757,0.3729,0.3514
2018-10-19,27,61,50,138,0.3623,-0.386364,-0.246377,-0.253951,-0.485714,0.7263,0.2319,0.4859,0.2822
2018-10-20,10,22,15,47,0.3191,-0.375,-0.255319,-0.258017,-0.611111,0.6725,0.2137,0.4717,0.3146
2018-10-21,6,32,22,60,0.3667,-0.684211,-0.433333,-0.350149,-0.548387,0.7054,0.1631,0.5133,0.3236
2018-10-22,46,63,60,169,0.355,-0.155963,-0.100592,-0.140339,-0.309524,0.7088,0.2856,0.4259,0.2885
2018-10-23,40,60,54,154,0.3506,-0.2,-0.12987,-0.153525,-0.348485,0.6945,0.274,0.4275,0.2985
2018-10-24,64,39,54,157,0.3439,0.242718,0.159236,0.074248,0.2625,0.7141,0.3972,0.3229,0.2798
2018-10-25,44,69,74,187,0.3957,-0.221239,-0.13369,-0.143298,-0.304878,0.7052,0.2739,0.4172,0.3089
2018-10-26,47,68,57,172,0.3314,-0.182609,-0.122093,-0.144851,-0.224719,0.7223,0.2874,0.4323,0.2803
2018-10-27,12,31,29,72,0.4028,-0.44186,-0.263889,-0.248892,-0.485714,0.7158,0.2264,0.4753,0.2982
2018-10-28,6,22,22,50,0.44,-0.571429,-0.32,-0.265599,-0.375,0.7105,0.182,0.4476,0.3705
2018-10-29,50,51,86,187,0.4599,-0.009901,-0.005348,-0.063121,-0.042254,0.6785,0.2915,0.3546,0.3539
2018-10-30,45,66,78,189,0.4127,-0.189189,-0.111111,-0.121414,-0.273973,0.6904,0.2676,0.389,0.3434
2018-10-31,55,60,85,200,0.425,-0.043478,-0.025,-0.080447,-0.095238,0.6953,0.2946,0.375,0.3304
2018-11-01,51,55,74,180,0.4111,-0.037736,-0.022222,-0.024849,0.153846,0.6933,0.3283,0.3532,0.3185
2018-11-02,55,53,49,157,0.3121,0.018519,0.012739,-0.01075,0.113924,0.7088,0.3529,0.3637,0.2834
2018-11-03,22,25,44,91,0.4835,-0.06383,-0.032967,-0.067967,-0.111111,0.655,0.2822,0.3501,0.3677
2018-11-04,19,26,46,91,0.5055,-0.155556,-0.076923,-0.11571,-0.192308,0.6452,0.2414,0.3571,0.4014
2018-11-05,47,63,85,195,0.4359,-0.145455,-0.082051,-0.108187,-0.232877,0.6677,0.276,0.3842,0.3397
2018-11-06,53,45,88,186,0.4731,0.081633,0.043011,-0.01136,0.033333,0.6607,0.3138,0.3251,0.3611
2018-11-07,57,30,57,144,0.3958,0.310345,0.1875,0.098072,0.290323,0.6855,0.3879,0.2899,0.3222
2018-11-08,22,58,73,153,0.4771,-0.45,-0.235294,-0.248663,-0.545455,0.6927,0.2016,0.4502,0.3482
2018-11-09,41,57,57,155,0.3677,-0.163265,-0.103226,-0.137951,-0.186667,0.7068,0.2861,0.4241,0.2899
2018-11-10,20,26,21,67,0.3134,-0.130435,-0.089552,-0.126694,-0.133333,0.6923,0.2945,0.4212,0.2843
2018-11-11,20,21,38,79,0.481,-0.02439,-0.012658,-0.091892,0.030303,0.6942,0.2711,0.363,0.3659
2018-11-12,34,47,53,134,0.3955,-0.160494,-0.097015,-0.099047,-0.166667,0.6858,0.2966,0.3956,0.3078
2018-11-13,45,66,49,160,0.3062,-0.189189,-0.13125,-0.134003,-0.138889,0.7004,0.2973,0.4313,0.2714
2018-11-14,45,58,54,157,0.3439,-0.126214,-0.082803,-0.10654,-0.063291,0.7155,0.3016,0.4082,0.2902
2018-11-15,54,48,68,170,0.4,0.058824,0.035294,-0.030947,0.069444,0.6865,0.3208,0.3517,0.3275
2018-11-16,30,31,54,115,0.4696,-0.016393,-0.008696,-0.044656,0.083333,0.6906,0.3106,0.3553,0.3341
2018-11-17,12,9,33,54,0.6111,0.142857,0.055556,-0.071233,0.142857,0.6373,0.2573,0.3285,0.4142
2018-11-18,19,17,35,71,0.493,0.055556,0.028169,-0.074958,-0.047619,0.6479,0.2731,0.3481,0.3788
2018-11-19,49,52,71,172,0.4128,-0.029703,-0.017442,-0.066768,0.0,0.6954,0.3039,0.3707,0.3254
2018-11-20,57,74,70,201,0.3483,-0.129771,-0.084577,-0.127904,-0.224299,0.7252,0.2945,0.4224,0.2831
2018-11-21,47,91,82,220,0.3727,-0.318841,-0.2,-0.20399,-0.40404,0.6979,0.2474,0.4514,0.3011
2018-11-22,44,53,78,175,0.4457,-0.092784,-0.051429,-0.07562,-0.067568,0.6964,0.2977,0.3734,0.3289
2018-11-23,24,30,52,106,0.4906,-0.111111,-0.056604,-0.093052,-0.102564,0.6686,0.2718,0.3648,0.3634
2018-11-24,7,25,38,70,0.5429,-0.5625,-0.257143,-0.233003,-0.64,0.6623,0.2033,0.4363,0.3604
2018-11-25,9,15,34,58,0.5862,-0.25,-0.103448,-0.124256,-0.166667,0.6542,0.2223,0.3465,0.4312
2018-11-26,59,42,66,167,0.3952,0.168317,0.101796,-0.000408,0.043478,0.6857,0.3357,0.3361,0.3282
2018-11-27,35,45,78,158,0.4937,-0.125,-0.063291,-0.093476,-0.105263,0.678,0.2735,0.367,0.3594
2018-11-28,53,52,64,169,0.3787,0.009524,0.005917,-0.043772,-0.041096,0.7016,0.3179,0.3616,0.3205
2018-11-29,66,50,81,197,0.4112,0.137931,0.081218,0.008172,0.094118,0.6909,0.343,0.3348,0.3222
2018-11-30,58,55,86,199,0.4322,0.026549,0.015075,-0.04471,-0.012048,0.6964,0.3128,0.3575,0.3297
2018-12-01,18,31,35,84,0.4167,-0.265306,-0.154762,-0.133056,-0.058824,0.6851,0.2623,0.3954,0.3423
2018-12-02,11,24,37,72,0.5139,-0.371429,-0.180556,-0.184577,-0.3,0.6604,0.2201,0.4046,0.3753
2018-12-03,62,54,81,197,0.4112,0.068966,0.040609,-0.025152,0.076923,0.7039,0.3286,0.3537,0.3178
2018-12-04,49,53,59,161,0.3665,-0.039216,-0.024845,-0.038357,0.046154,0.6924,0.321,0.3594,0.3196
2018-12-05,46,66,104,216,0.4815,-0.178571,-0.092593,-0.161575,-0.360465,0.6895,0.2399,0.4015,0.3586
2018-12-06,49,84,68,201,0.3383,-0.263158,-0.174129,-0.180691,-0.357143,0.7076,0.2656,0.4463,0.2881
2018-12-07,44,48,47,139,0.3381,-0.043478,-0.028777,-0.08602,-0.206349,0.6912,0.3075,0.3935,0.299
2018-12-08,13,24,28,65,0.4308,-0.297297,-0.169231,-0.202713,-0.5,0.6703,0.2338,0.4365,0.3297
2018-12-09,12,24,35,71,0.493,-0.333333,-0.169014,-0.154495,0.047619,0.6515,0.2208,0.3753,0.4039
2018-12-10,38,98,90,226,0.3982,-0.441176,-0.265487,-0.259556,-0.495238,0.7057,0.2099,0.4694,0.3207
2018-12-11,37,76,76,189,0.4021,-0.345133,-0.206349,-0.198479,-0.27027,0.6802,0.2314,0.4298,0.3388
2018-12-12,54,45,91,190,0.4789,0.090909,0.047368,-0.035005,-0.013514,0.6759,0.3038,0.3388,0.3574
2018-12-13,56,49,97,202,0.4802,0.066667,0.034653,-0.021323,0.054054,0.6702,0.3097,0.331,0.3593
2018-12-14,40,49,88,177,0.4972,-0.101124,-0.050847,-0.103101,-0.090909,0.6635,0.2622,0.3653,0.3724
2018-12-15,12,18,30,60,0.5,-0.2,-0.1,-0.149209,-0.263158,0.6625,0.2423,0.3915,0.3663
2018-12-16,6,7,32,45,0.7111,-0.076923,-0.022222,-0.063721,-0.1,0.6321,0.2454,0.3091,0.4456
2018-12-17,42,65,44,151,0.2914,-0.214953,-0.152318,-0.131847,-0.207317,0.7242,0.2991,0.4309,0.2699
2018-12-18,44,54,60,158,0.3797,-0.102041,-0.063291,-0.1074,-0.171053,0.7129,0.2924,0.3998,0.3078
2018-12-19,49,50,63,162,0.3889,-0.010101,-0.006173,-0.090055,-0.097222,0.7047,0.2972,0.3872,0.3156
2018-12-20,47,61,68,176,0.3864,-0.12963,-0.079545,-0.086637,-0.158537,0.7002,0.3053,0.392,0.3027
2018-12-21,43,65,51,159,0.3208,-0.203704,-0.138365,-0.141643,-0.253012,0.7111,0.2931,0.4347,0.2722
2018-12-22,8,27,23,58,0.3966,-0.542857,-0.327586,-0.281308,-0.615385,0.6956,0.1959,0.4772,0.3268
2018-12-23,15,22,25,62,0.4032,-0.189189,-0.112903,-0.137508,-0.25,0.6851,0.2604,0.3979,0.3417
2018-12-24,51,68,65,184,0.3533,-0.142857,-0.092391,-0.098428,-0.170455,0.6977,0.3001,0.3985,0.3014
2018-12-25,22,34,36,92,0.3913,-0.214286,-0.130435,-0.145841,-0.25,0.7194,0.2726,0.4184,0.309
2018-12-26,60,58,48,166,0.2892,0.016949,0.012048,-0.031438,-0.045455,0.7302,0.3578,0.3892,0.253
2019-01-01,51,29,63,143,0.4406,0.275,0.153846,0.073388,0.37037,0.6744,0.3677,0.2943,0.3381
2019-01-02,44,48,60,152,0.3947,-0.043478,-0.026316,-0.075532,-0.189189,0.7122,0.3158,0.3913,0.293
2019-01-03,34,69,47,150,0.3133,-0.339806,-0.233333,-0.248657,-0.4875,0.7297,0.2471,0.4958,0.257
2019-01-04,48,66,49,163,0.3006,-0.157895,-0.110429,-0.104723,-0.106383,0.7353,0.3196,0.4244,0.256
2019-01-05,17,13,29,59,0.4915,0.133333,0.067797,-0.031766,-0.047619,0.6768,0.2986,0.3304,0.3709
2019-01-06,19,23,27,69,0.3913,-0.095238,-0.057971,-0.054372,-0.032258,0.6885,0.309,0.3634,0.3275
2019-01-07,72,31,81,184,0.4402,0.398058,0.222826,0.095494,0.361446,0.7007,0.3881,0.2926,0.3193
2019-01-08,42,55,69,166,0.4157,-0.134021,-0.078313,-0.127808,-0.217949,0.7142,0.2824,0.4102,0.3074
2019-01-09,53,49,59,161,0.3665,0.039216,0.024845,-0.025369,0.0,0.7221,0.3504,0.3757,0.2739
2019-01-10,45,41,65,151,0.4305,0.046512,0.02649,-0.014435,0.059701,0.6932,0.3225,0.3369,0.3406
2019-01-11,48,47,47,142,0.331,0.010526,0.007042,-0.05368,-0.044776,0.7079,0.3271,0.3808,0.2922
2019-01-12,12,13,22,47,0.4681,-0.04,-0.021277,-0.081535,-0.428571,0.6515,0.2655,0.3471,0.3874
2019-01-13,15,21,34,70,0.4857,-0.166667,-0.085714,-0.148154,-0.277778,0.65,0.2322,0.3804,0.3874
2019-01-14,45,63,58,166,0.3494,-0.166667,-0.108434,-0.124794,-0.291139,0.7091,0.2974,0.4222,0.2804
2019-01-15,58,56,87,201,0.4328,0.017544,0.00995,-0.022385,0.021978,0.694,0.3295,0.3519,0.3187
2019-01-16,56,37,61,154,0.3961,0.204301,0.123377,0.024644,0.142857,0.6951,0.356,0.3313,0.3127
2019-01-17,49,51,69,169,0.4083,-0.02,-0.011834,-0.051176,-0.052632,0.688,0.3193,0.3705,0.3102
2019-01-18,49,41,46,136,0.3382,0.088889,0.058824,-0.010016,-0.014706,0.7171,0.3485,0.3585,0.293
2019-01-19,21,22,34,77,0.4416,-0.023256,-0.012987,-0.079204,-0.26087,0.664,0.2745,0.3537,0.3718
2019-01-20,16,15,26,57,0.4561,0.032258,0.017544,-0.035426,0.058824,0.6365,0.2968,0.3323,0.3709
2019-01-21,24,34,45,103,0.4369,-0.172414,-0.097087,-0.088344,-0.093023,0.6794,0.2856,0.3739,0.3405
2019-01-22,40,42,76,158,0.481,-0.02439,-0.012658,-0.063436,-0.114754,0.6813,0.2899,0.3533,0.3568
2019-01-23,36,34,62,132,0.4697,0.028571,0.015152,-0.050681,-0.057692,0.667,0.297,0.3477,0.3553
2019-01-24,41,34,62,137,0.4526,0.093333,0.051095,-0.033439,-0.054545,0.694,0.3087,0.3421,0.3492
2019-01-25,45,33,63,141,0.4468,0.153846,0.085106,0.024372,0.196429,0.6852,0.3354,0.311,0.3535
2019-01-26,16,12,25,53,0.4717,0.142857,0.075472,-0.03565,-0.111111,0.6607,0.3023,0.3379,0.3598
2019-01-27,11,16,20,47,0.4255,-0.185185,-0.106383,-0.132724,-0.285714,0.6704,0.2567,0.3894,0.354
2019-01-28,31,33,46,110,0.4182,-0.03125,-0.018182,-0.069194,-0.019231,0.7176,0.3028,0.372,0.3253
2019-01-29,31,48,54,133,0.406,-0.21519,-0.12782,-0.153273,-0.322034,0.6998,0.2651,0.4184,0.3165
2019-01-30,42,41,51,134,0.3806,0.012048,0.007463,-0.061784,-0.125,0.6948,0.3089,0.3707,0.3204
2019-01-31,40,38,59,137,0.4307,0.025641,0.014599,-0.019876,0.035714,0.6816,0.3289,0.3487,0.3224
2019-02-01,88,49,108,245,0.4408,0.284672,0.159184,0.064004,0.309278,0.6754,0.3644,0.3004,0.3352
2019-02-02,27,21,31,79,0.3924,0.125,0.075949,-8.4e-05,0.205882,0.6776,0.3381,0.3381,0.3238
2019-02-03,14,15,25,54,0.463,-0.034483,-0.018519,-0.067557,-0.181818,0.6658,0.2882,0.3558,0.356
2019-02-04,41,40,45,126,0.3571,0.012346,0.007937,-0.050222,0.0,0.6837,0.322,0.3722,0.3059
2019-02-05,34,33,43,110,0.3909,0.014925,0.009091,-0.046105,0.08,0.6879,0.3168,0.3629,0.3203
2019-02-06,40,27,76,143,0.5315,0.19403,0.090909,0.006349,0.170213,0.6598,0.3121,0.3057,0.3822
2019-02-07,63,48,75,186,0.4032,0.135135,0.080645,-0.013721,0.028571,0.6678,0.3298,0.3436,0.3266
2019-02-08,34,47,50,131,0.3817,-0.160494,-0.099237,-0.126472,-0.206897,0.7056,0.2844,0.4108,0.3048
2019-02-09,13,16,18,47,0.383,-0.103448,-0.06383,-0.144471,-0.444444,0.6754,0.2658,0.4103,0.324
2019-02-10,14,11,31,56,0.5536,0.12,0.053571,0.00519,0.294118,0.6354,0.3017,0.2965,0.4018
2019-02-11,35,41,57,133,0.4286,-0.078947,-0.045113,-0.094551,-0.188679,0.6898,0.2913,0.3859,0.3228
2019-02-12,50,39,40,129,0.3101,0.123596,0.085271,0.011014,0.075758,0.7071,0.3642,0.3532,0.2825
2019-02-13,43,38,43,124,0.3468,0.061728,0.040323,0.051623,0.169492,0.7013,0.3806,0.329,0.2904
2019-02-14,43,35,45,123,0.3659,0.102564,0.065041,-0.003077,0.0,0.697,0.3431,0.3462,0.3107
2019-02-15,32,41,24,97,0.2474,-0.123288,-0.092784,-0.135022,-0.296296,0.7241,0.3112,0.4463,0.2425
2019-02-16,10,14,21,45,0.4667,-0.166667,-0.088889,-0.128357,-0.222222,0.6926,0.2636,0.392,0.3443
2019-02-17,13,17,21,51,0.4118,-0.133333,-0.078431,-0.126475,-0.217391,0.6673,0.2497,0.3761,0.3742
2019-02-18,36,39,63,138,0.4565,-0.04,-0.021739,-0.05087,-0.061224,0.6639,0.3008,0.3517,0.3475
2019-02-19,40,31,49,120,0.4083,0.126761,0.075,-0.037091,-0.045455,0.6617,0.3212,0.3583,0.3205
2019-02-20,51,22,46,119,0.3866,0.39726,0.243697,0.1115,0.208333,0.6649,0.393,0.2815,0.3255
2019-02-21,47,25,59,131,0.4504,0.305556,0.167939,0.043613,0.22449,0.6594,0.3434,0.2997,0.3569
2019-02-22,38,33,48,119,0.4034,0.070423,0.042017,-0.024822,-0.020833,0.6682,0.3194,0.3442,0.3364
2019-02-23,30,8,31,69,0.4493,0.578947,0.318841,0.164377,0.461538,0.6723,0.3861,0.2217,0.3923
2019-02-24,9,16,30,55,0.5455,-0.28,-0.127273,-0.166175,-0.526316,0.6758,0.2219,0.388,0.3901
2019-02-25,42,27,40,109,0.367,0.217391,0.137615,0.07331,0.23913,0.6889,0.3834,0.3101,0.3065
2019-02-26,28,30,49,107,0.4579,-0.034483,-0.018692,-0.057844,-0.191489,0.6943,0.3075,0.3653,0.3272
2019-02-27,38,29,46,113,0.4071,0.134328,0.079646,-0.003739,0.0,0.6958,0.3427,0.3464,0.3109
2019-02-28,50,50,58,158,0.3671,0.0,0.0,-0.090611,-0.214286,0.7058,0.3017,0.3923,0.306
2019-03-01,32,56,49,137,0.3577,-0.272727,-0.175182,-0.137493,-0.137931,0.7033,0.2869,0.4244,0.2888
2019-03-02,15,18,25,58,0.431,-0.090909,-0.051724,-0.065636,-0.181818,0.6668,0.2943,0.3599,0.3459
2019-03-03,9,6,13,28,0.4643,0.2,0.107143,0.028538,0.0,0.6654,0.3365,0.3079,0.3556
2019-03-04,21,19,42,82,0.5122,0.05,0.02439,-0.036415,0.0,0.6886,0.2987,0.3351,0.3662
2019-03-05,59,56,49,164,0.2988,0.026087,0.018293,-0.025172,-0.038462,0.7093,0.3507,0.3758,0.2735
2019-03-06,46,34,54,134,0.403,0.15,0.089552,0.024035,0.107143,0.6837,0.35,0.326,0.324
2019-03-07,34,38,40,112,0.3571,-0.055556,-0.035714,-0.103301,-0.320755,0.7016,0.3036,0.4069,0.2895
2019-03-08,34,42,47,123,0.3821,-0.105263,-0.065041,-0.112091,-0.264151,0.6934,0.2938,0.4058,0.3004
2019-03-09,14,18,27,59,0.4576,-0.125,-0.067797,-0.106394,-0.368421,0.6627,0.264,0.3704,0.3655
2019-03-10,13,7,14,34,0.4118,0.3,0.176471,0.060762,0.142857,0.6721,0.3578,0.297,0.3452
2019-03-11,55,42,36,133,0.2707,0.134021,0.097744,0.082223,0.181818,0.7408,0.4187,0.3365,0.2449
2019-03-12,52,31,55,138,0.3986,0.253012,0.152174,0.072383,0.19403,0.7066,0.3819,0.3095,0.3086
2019-03-13,42,36,57,135,0.4222,0.076923,0.044444,-0.018537,0.016949,0.6879,0.3199,0.3385,0.3416
2019-03-14,51,42,45,138,0.3261,0.096774,0.065217,0.020532,0.101449,0.7095,0.3734,0.3528,0.2738
2019-03-15,48,27,46,121,0.3802,0.28,0.173554,0.113535,0.274194,0.7329,0.4077,0.2941,0.2982
2019-03-16,13,9,25,47,0.5319,0.181818,0.085106,0.008243,0.0,0.6682,0.3033,0.2951,0.4016
2019-03-17,17,12,24,53,0.4528,0.172414,0.09434,0.020699,0.227273,0.6846,0.328,0.3073,0.3647
2019-03-18,46,26,47,119,0.395,0.277778,0.168067,0.067686,0.150943,0.699,0.3818,0.3141,0.304
2019-03-19,45,30,44,119,0.3697,0.2,0.12605,0.065322,0.211538,0.694,0.3759,0.3106,0.3136
2019-03-20,40,33,46,119,0.3866,0.09589,0.058824,0.016394,0.104167,0.6828,0.3515,0.3351,0.3134
2019-03-21,10,13,16,39,0.4103,-0.130435,-0.076923,-0.078363,0.076923,0.672,0.2923,0.3707,0.337
2019-03-22,37,30,45,112,0.4018,0.104478,0.0625,0.006524,0.102041,0.6818,0.3498,0.3433,0.3069
2019-03-23,14,14,16,44,0.3636,0.0,0.0,-0.050303,-0.045455,0.7146,0.3343,0.3846,0.281
2019-03-24,16,11,23,50,0.46,0.185185,0.1,0.017383,0.222222,0.659,0.3284,0.3111,0.3605
2019-03-25,46,62,39,147,0.2653,-0.148148,-0.108844,-0.134896,-0.220779,0.7241,0.3065,0.4414,0.2521
2019-03-26,35,34,51,120,0.425,0.014493,0.008333,-0.036994,0.072727,0.7076,0.3302,0.3672,0.3025
2019-03-27,39,27,44,110,0.4,0.181818,0.109091,0.043822,0.12766,0.6831,0.3631,0.3193,0.3176
2019-03-28,32,45,52,129,0.4031,-0.168831,-0.100775,-0.093961,-0.169811,0.6833,0.2944,0.3884,0.3172
2019-03-29,48,41,44,133,0.3308,0.078652,0.052632,0.016013,0.128571,0.7148,0.3693,0.3533,0.2775
2019-03-30,17,16,18,51,0.3529,0.030303,0.019608,-0.044833,-0.142857,0.6296,0.3091,0.3539,0.337
2019-03-31,13,18,18,49,0.3673,-0.16129,-0.102041,-0.069961,0.04,0.6872,0.3021,0.3721,0.3258
2019-04-01,48,15,38,101,0.3762,0.52381,0.326733,0.247434,0.591837,0.7146,0.4768,0.2294,0.2938
2019-04-02,47,40,65,152,0.4276,0.08046,0.046053,-0.009553,0.034483,0.6623,0.3283,0.3378,0.3339
2019-04-03,37,31,73,141,0.5177,0.088235,0.042553,-0.013627,0.055556,0.675,0.3097,0.3233,0.367
2019-04-04,55,58,72,185,0.3892,-0.026549,-0.016216,-0.060123,-0.060976,0.6868,0.314,0.3741,0.312
2019-04-05,46,39,66,151,0.4371,0.082353,0.046358,0.016343,0.166667,0.6934,0.3368,0.3205,0.3427
2019-04-06,19,9,19,47,0.4043,0.357143,0.212766,0.122449,0.555556,0.6657,0.3947,0.2722,0.3332
2019-04-07,13,14,31,58,0.5345,-0.037037,-0.017241,-0.072971,-0.222222,0.6573,0.2563,0.3293,0.4144
2019-04-08,51,45,57,153,0.3725,0.0625,0.039216,-0.006318,0.028986,0.6955,0.3438,0.3502,0.306
2019-04-09,41,39,48,128,0.375,0.025,0.015625,-0.024945,0.030303,0.7181,0.3362,0.3612,0.3025
2019-04-10,36,39,49,124,0.3952,-0.04,-0.024194,-0.055516,-0.018519,0.6949,0.3155,0.371,0.3135
2019-04-11,35,29,48,112,0.4286,0.09375,0.053571,0.028005,0.212766,0.6778,0.3503,0.3223,0.3274
2019-04-12,33,58,42,133,0.3158,-0.274725,-0.18797,-0.185585,-0.380952,0.7062,0.2597,0.4453,0.295
2019-04-13,19,17,24,60,0.4,0.055556,0.033333,-0.043475,-0.173913,0.6634,0.3086,0.3521,0.3393
2019-04-14,16,15,27,58,0.4655,0.032258,0.017241,0.045573,0.173913,0.7005,0.3464,0.3008,0.3528
2019-04-15,45,33,54,132,0.4091,0.153846,0.090909,0.039778,0.160714,0.693,0.3553,0.3155,0.3293
2019-04-16,42,31,50,123,0.4065,0.150685,0.089431,0.012781,0.08,0.6911,0.3357,0.3229,0.3415
2019-04-17,32,34,33,99,0.3333,-0.030303,-0.020202,-0.039773,0.020408,0.7108,0.3398,0.3796,0.2806
2019-04-18,33,25,38,96,0.3958,0.137931,0.083333,0.011069,0.181818,0.7001,0.3557,0.3446,0.2997
2019-04-19,21,23,34,78,0.4359,-0.045455,-0.025641,-0.065367,-0.166667,0.6692,0.3,0.3653,0.3347
2019-04-20,10,7,17,34,0.5,0.176471,0.088235,-0.025794,0.0,0.671,0.3162,0.342,0.3418
2019-04-21,16,11,25,52,0.4808,0.185185,0.096154,0.053147,0.142857,0.6888,0.3511,0.298,0.3509
2019-04-22,33,45,38,116,0.3276,-0.153846,-0.103448,-0.13141,-0.210526,0.7163,0.291,0.4224,0.2866
2019-04-23,48,39,49,136,0.3603,0.103448,0.066176,-0.003549,0.092308,0.6969,0.3504,0.3539,0.2957
2019-04-24,52,30,49,131,0.374,0.268293,0.167939,0.09001,0.275862,0.6913,0.4007,0.3107,0.2886
2019-04-25,37,39,35,111,0.3153,-0.026316,-0.018018,-0.044472,-0.035088,0.7186,0.3391,0.3835,0.2774
2019-04-26,37,31,35,103,0.3398,0.088235,0.058252,0.013497,0.166667,0.7127,0.3673,0.3538,0.2789
2019-04-27,15,19,15,49,0.3061,-0.117647,-0.081633,-0.075224,-0.2,0.6912,0.3104,0.3856,0.304
2019-04-28,11,8,26,45,0.5778,0.157895,0.066667,0.012054,0.133333,0.6718,0.2952,0.2832,0.4216
2019-04-29,27,34,44,105,0.419,-0.114754,-0.066667,-0.128323,-0.157895,0.6893,0.2593,0.3877,0.353
2019-04-30,33,58,39,130,0.3,-0.274725,-0.192308,-0.193619,-0.384615,0.7174,0.2668,0.4604,0.2728
2019-05-01,14,33,39,86,0.4535,-0.404255,-0.22093,-0.219675,-0.475,0.7066,0.2209,0.4406,0.3386
2019-05-02,36,44,29,109,0.2661,-0.1,-0.073394,-0.095902,-0.152542,0.7304,0.3252,0.4211,0.2538
2019-05-03,24,36,43,103,0.4175,-0.2,-0.116505,-0.139704,-0.285714,0.7104,0.2716,0.4113,0.317
2019-05-04,11,22,21,54,0.3889,-0.333333,-0.203704,-0.147238,-0.2,0.6717,0.2682,0.4154,0.3164
2019-05-05,9,19,22,50,0.44,-0.357143,-0.2,-0.225151,-0.36,0.7271,0.2226,0.4478,0.3296
2019-05-06,32,51,36,119,0.3025,-0.228916,-0.159664,-0.144494,-0.25,0.7245,0.2918,0.4363,0.2719
2019-05-07,43,53,67,163,0.411,-0.104167,-0.06135,-0.103206,-0.191781,0.7103,0.2937,0.3969,0.3094
2019-05-08,33,62,35,130,0.2692,-0.305263,-0.223077,-0.21276,-0.347222,0.7398,0.2702,0.483,0.2467
2019-05-09,30,63,50,143,0.3497,-0.354839,-0.230769,-0.23386,-0.540984,0.694,0.2289,0.4628,0.3083
2019-05-10,29,54,33,116,0.2845,-0.301205,-0.215517,-0.179855,-0.258621,0.6993,0.2636,0.4435,0.2929
2019-05-11,7,20,18,45,0.4,-0.481481,-0.288889,-0.256882,-0.526316,0.6733,0.2105,0.4673,0.3222
2019-05-12,11,24,20,55,0.3636,-0.371429,-0.236364,-0.255169,-0.466667,0.7004,0.2135,0.4687,0.3178
2019-05-13,39,71,38,148,0.2568,-0.290909,-0.216216,-0.1726,-0.4125,0.7261,0.2873,0.4599,0.2529
2019-05-14,41,59,47,147,0.3197,-0.18,-0.122449,-0.124234,-0.277778,0.7037,0.3004,0.4246,0.2751
2019-05-15,40,35,42,117,0.359,0.066667,0.042735,-0.021297,0.041667,0.7026,0.3364,0.3577,0.306
2019-05-16,44,30,45,119,0.3782,0.189189,0.117647,0.032453,0.103448,0.6963,0.3662,0.3337,0.3001
2019-05-17,39,50,40,129,0.3101,-0.123596,-0.085271,-0.093373,-0.126984,0.7254,0.3125,0.4059,0.2817
2019-05-18,13,14,14,41,0.3415,-0.037037,-0.02439,-0.04031,0.066667,0.6769,0.3234,0.3637,0.3128
2019-05-19,12,18,33,63,0.5238,-0.2,-0.095238,-0.099663,-0.125,0.6761,0.2559,0.3555,0.3886
2019-05-20,55,34,58,147,0.3946,0.235955,0.142857,0.081005,0.298507,0.6954,0.3761,0.2951,0.3289
2019-05-21,44,33,57,134,0.4254,0.142857,0.08209,0.008192,0.102041,0.6863,0.3365,0.3283,0.3352
2019-05-22,29,40,56,125,0.448,-0.15942,-0.088,-0.101814,-0.1,0.7161,0.2839,0.3857,0.3303
2019-05-23,69,41,74,184,0.4022,0.254545,0.152174,0.072001,0.166667,0.6901,0.3665,0.2945,0.3389
2019-05-24,58,38,57,153,0.3725,0.208333,0.130719,0.065142,0.194444,0.7095,0.3799,0.3147,0.3054
2019-05-25,12,10,37,59,0.6271,0.090909,0.033898,-0.019238,0.095238,0.6755,0.2788,0.298,0.4232
2019-05-26,19,11,23,53,0.434,0.266667,0.150943,0.076947,0.291667,0.708,0.3587,0.2818,0.3595
2019-05-27,41,23,57,121,0.4711,0.28125,0.14876,0.079578,0.270833,0.6949,0.3641,0.2846,0.3513
2019-05-28,46,37,66,149,0.443,0.108434,0.060403,0.010111,0.188679,0.6614,0.3334,0.3233,0.3434
2019-05-29,37,41,67,145,0.4621,-0.051282,-0.027586,-0.062768,-0.06,0.6771,0.2907,0.3535,0.3558
2019-05-30,38,50,53,141,0.3759,-0.136364,-0.085106,-0.07464,-0.05,0.6781,0.3079,0.3825,0.3096
2019-05-31,29,45,60,134,0.4478,-0.216216,-0.119403,-0.103096,-0.183333,0.6975,0.2751,0.3782,0.3467
2019-06-01,10,26,18,54,0.3333,-0.444444,-0.296296,-0.25888,-0.481481,0.7184,0.2145,0.4734,0.3121
2019-06-02,14,26,22,62,0.3548,-0.3,-0.193548,-0.164293,-0.321429,0.6824,0.2485,0.4128,0.3386
2019-06-03,59,60,50,169,0.2959,-0.008403,-0.005917,-0.012905,0.010753,0.7185,0.3553,0.3682,0.2765
2019-06-04,49,48,67,164,0.4085,0.010309,0.006098,-0.062163,-0.081967,0.6596,0.3021,0.3643,0.3336
2019-06-05,24,28,40,92,0.4348,-0.076923,-0.043478,-0.069912,0.0,0.6847,0.3013,0.3712,0.3275
2019-06-06,42,58,73,173,0.422,-0.16,-0.092486,-0.142382,-0.328571,0.6899,0.2676,0.41,0.3224
2019-06-07,25,36,56,117,0.4786,-0.180328,-0.094017,-0.125053,-0.12766,0.6814,0.2709,0.396,0.3331
2019-06-08,12,13,46,71,0.6479,-0.04,-0.014085,-0.061884,0.0,0.6131,0.2376,0.2995,0.4629
2019-06-09,19,13,40,72,0.5556,0.1875,0.083333,-0.02343,0.045455,0.654,0.2796,0.303,0.4174
2019-06-10,24,20,32,76,0.4211,0.090909,0.052632,-0.021059,0.133333,0.6828,0.323,0.3441,0.333
2019-06-11,33,31,34,98,0.3469,0.03125,0.020408,-0.040289,-0.054054,0.6625,0.3181,0.3584,0.3235
2019-06-12,25,38,49,112,0.4375,-0.206349,-0.116071,-0.126556,-0.210526,0.6568,0.2651,0.3916,0.3433
2019-06-13,41,60,79,180,0.4389,-0.188119,-0.105556,-0.141007,-0.26087,0.6787,0.2559,0.3969,0.3472
2019-06-14,57,84,107,248,0.4315,-0.191489,-0.108871,-0.10542,-0.222222,0.692,0.2855,0.3909,0.3237
2019-06-15,8,12,27,47,0.5745,-0.2,-0.085106,-0.1393,-0.333333,0.624,0.2169,0.3562,0.4269
2019-06-16,6,12,17,35,0.4857,-0.333333,-0.171429,-0.183732,-0.363636,0.6549,0.2145,0.3982,0.3872
2019-06-17,23,33,35,91,0.3846,-0.178571,-0.10989,-0.134768,-0.266667,0.7009,0.2824,0.4172,0.3004
2019-06-18,54,60,86,200,0.43,-0.052632,-0.03,-0.092358,-0.063291,0.6833,0.2814,0.3737,0.3449
2019-06-19,63,73,117,253,0.4625,-0.073529,-0.039526,-0.097376,-0.11,0.6815,0.2773,0.3747,0.348
2019-06-20,31,30,57,118,0.4831,0.016393,0.008475,-0.019547,0.125,0.6607,0.3137,0.3332,0.3531
2019-06-21,28,41,50,119,0.4202,-0.188406,-0.109244,-0.149009,-0.5,0.6576,0.2615,0.4105,0.328
2019-06-22,23,36,60,119,0.5042,-0.220339,-0.109244,-0.139048,-0.371429,0.6486,0.2445,0.3836,0.3719
2019-06-23,16,24,48,88,0.5455,-0.2,-0.090909,-0.128816,-0.16,0.6505,0.2377,0.3665,0.3958
2019-06-24,51,81,122,254,0.4803,-0.227273,-0.11811,-0.14884,-0.219512,0.6599,0.2433,0.3921,0.3647
2019-06-25,35,32,60,127,0.4724,0.044776,0.023622,-0.041364,0.0625,0.6772,0.302,0.3434,0.3546
2019-06-26,63,45,77,185,0.4162,0.166667,0.097297,0.024805,0.225352,0.6848,0.3485,0.3237,0.3279
2019-06-27,30,34,92,156,0.5897,-0.0625,-0.025641,-0.09771,-0.309524,0.644,0.2374,0.3351,0.4276
2019-06-28,39,43,76,158,0.481,-0.04878,-0.025316,-0.065801,-0.122807,0.675,0.283,0.3488,0.3683
2019-06-29,29,21,45,95,0.4737,0.16,0.084211,-0.01305,0.0,0.654,0.3174,0.3305,0.3521
2019-06-30,9,4,13,26,0.5,0.384615,0.192308,0.077224,0.3,0.688,0.3461,0.2689,0.3849
2019-07-01,24,31,50,105,0.4762,-0.127273,-0.066667,-0.114708,-0.309524,0.6964,0.2684,0.3831,0.3486
2019-07-02,29,45,69,143,0.4825,-0.216216,-0.111888,-0.139572,-0.267857,0.6819,0.2571,0.3967,0.3461
2019-07-03,56,52,89,197,0.4518,0.037037,0.020305,-0.045606,-0.027027,0.6848,0.3015,0.3471,0.3514
2019-07-04,81,48,133,262,0.5076,0.255814,0.125954,0.041494,0.21978,0.672,0.3323,0.2909,0.3768
2019-07-05,90,71,118,279,0.4229,0.118012,0.0681,0.006015,-0.026087,0.6759,0.335,0.3289,0.3361
2019-07-06,30,25,54,109,0.4954,0.090909,0.045872,0.012248,0.205882,0.6437,0.3089,0.2967,0.3945
2019-07-07,5,13,32,50,0.64,-0.444444,-0.16,-0.187987,-0.454545,0.6407,0.1802,0.3682,0.4517
2019-07-08,50,47,62,159,0.3899,0.030928,0.018868,-0.064437,-0.254237,0.6698,0.3043,0.3687,0.327
2019-07-09,39,61,67,167,0.4012,-0.22,-0.131737,-0.170412,-0.423077,0.6987,0.2614,0.4318,0.3069
2019-07-10,33,59,54,146,0.3699,-0.282609,-0.178082,-0.211453,-0.454545,0.7037,0.2439,0.4553,0.3008
2019-07-11,50,37,51,138,0.3696,0.149425,0.094203,0.04041,0.246154,0.6958,0.3712,0.3308,0.298
2019-07-12,38,58,72,168,0.4286,-0.208333,-0.119048,-0.122297,-0.206349,0.674,0.2728,0.3951,0.332
2019-07-13,18,20,18,56,0.3214,-0.052632,-0.035714,-0.087783,-0.103448,0.7192,0.3143,0.402,0.2837
2019-07-14,11,12,17,40,0.425,-0.043478,-0.025,-0.051976,0.0,0.6868,0.2927,0.3447,0.3626
2019-07-15,31,42,42,115,0.3652,-0.150685,-0.095652,-0.127459,-0.230769,0.6958,0.2874,0.4149,0.2977
2019-07-16,49,45,52,146,0.3562,0.042553,0.027397,-0.033803,-0.085714,0.7119,0.333,0.3668,0.3001
2019-07-17,36,44,58,138,0.4203,-0.1,-0.057971,-0.088349,-0.140351,0.6821,0.2933,0.3816,0.3252
2019-07-18,42,57,57,156,0.3654,-0.151515,-0.096154,-0.1106,-0.161765,0.694,0.2905,0.4011,0.3084
2019-07-19,42,50,37,129,0.2868,-0.086957,-0.062016,-0.077882,-0.044776,0.7242,0.3258,0.4037,0.2705
2019-07-20,15,19,25,59,0.4237,-0.117647,-0.067797,-0.065191,-0.115385,0.6911,0.3083,0.3735,0.3182
2019-07-21,12,12,25,49,0.5102,0.0,0.0,-0.036653,-0.076923,0.6395,0.2843,0.3209,0.3948
2019-07-22,38,53,62,153,0.4052,-0.164835,-0.098039,-0.151308,-0.271605,0.7279,0.2713,0.4226,0.306
2019-07-23,29,51,49,129,0.3798,-0.275,-0.170543,-0.169116,-0.245902,0.7054,0.2596,0.4287,0.3117
2019-07-24,37,50,53,140,0.3786,-0.149425,-0.092857,-0.121363,-0.225806,0.6938,0.2932,0.4146,0.2922
2019-07-25,35,41,62,138,0.4493,-0.078947,-0.043478,-0.078707,-0.111111,0.6769,0.2982,0.377,0.3248
2019-07-26,32,51,46,129,0.3566,-0.228916,-0.147287,-0.158907,-0.234375,0.707,0.2748,0.4337,0.2915
2019-07-27,12,18,26,56,0.4643,-0.2,-0.107143,-0.160613,-0.277778,0.6645,0.228,0.3886,0.3833
2019-07-28,13,14,29,56,0.5179,-0.037037,-0.017857,-0.059162,-0.428571,0.613,0.2586,0.3177,0.4237
2019-07-29,30,54,62,146,0.4247,-0.285714,-0.164384,-0.170417,-0.292308,0.6945,0.2503,0.4208,0.3289
2019-07-30,11,21,25,57,0.4386,-0.3125,-0.175439,-0.212832,-0.37037,0.699,0.2267,0.4396,0.3337
2019-07-31,35,53,35,123,0.2846,-0.204545,-0.146341,-0.146694,-0.254237,0.7216,0.295,0.4417,0.2634
2019-08-01,40,66,63,169,0.3728,-0.245283,-0.153846,-0.200294,-0.395349,0.7257,0.2598,0.4601,0.2801
2019-08-02,63,105,96,264,0.3636,-0.25,-0.159091,-0.156483,-0.307692,0.6966,0.2709,0.4274,0.3017
2019-08-03,15,45,43,103,0.4175,-0.5,-0.291262,-0.250455,-0.452381,0.6796,0.2088,0.4593,0.3319
2019-08-04,3,14,10,27,0.3704,-0.647059,-0.407407,-0.346355,-0.785714,0.6928,0.1776,0.524,0.2984
2019-08-05,18,53,38,109,0.3486,-0.492958,-0.321101,-0.272901,-0.54,0.7146,0.2207,0.4936,0.2856
2019-08-06,29,44,35,108,0.3241,-0.205479,-0.138889,-0.133985,-0.216667,0.735,0.2988,0.4328,0.2683
2019-08-07,70,90,76,236,0.322,-0.125,-0.084746,-0.114097,-0.188679,0.697,0.3004,0.4145,0.285
2019-08-08,87,74,102,263,0.3878,0.080745,0.04943,0.005316,0.113636,0.7072,0.3559,0.3506,0.2935
2019-08-09,30,33,36,99,0.3636,-0.047619,-0.030303,-0.066998,-0.145833,0.7097,0.3238,0.3908,0.2854
2019-08-10,7,10,15,32,0.4688,-0.176471,-0.09375,-0.16804,-0.3125,0.7169,0.2527,0.4208,0.3265
2019-08-11,4,15,22,41,0.5366,-0.578947,-0.268293,-0.192,-0.666667,0.6373,0.2086,0.4006,0.3909
2019-08-12,35,52,92,179,0.514,-0.195402,-0.094972,-0.102145,-0.234375,0.6658,0.2695,0.3716,0.3589
2019-08-13,64,85,96,245,0.3918,-0.14094,-0.085714,-0.104642,-0.150442,0.7058,0.2974,0.402,0.3006
2019-08-14,36,39,41,116,0.3534,-0.04,-0.025862,-0.076216,-0.140351,0.7146,0.3221,0.3983,0.2797
2019-08-15,24,25,30,79,0.3797,-0.020408,-0.012658,-0.075457,-0.193548,0.6702,0.3002,0.3757,0.3241
2019-08-16,40,85,89,214,0.4159,-0.36,-0.21028,-0.213272,-0.418367,0.6926,0.2315,0.4447,0.3238
2019-08-17,27,31,42,100,0.42,-0.068966,-0.04,-0.078898,-0.225806,0.6488,0.2843,0.3632,0.3526
2019-08-18,22,30,43,95,0.4526,-0.153846,-0.084211,-0.116837,-0.216216,0.6879,0.2615,0.3784,0.3601
2019-08-19,14,23,27,64,0.4219,-0.243243,-0.140625,-0.135092,-0.166667,0.6703,0.267,0.4021,0.3309
2019-08-20,28,34,39,101,0.3861,-0.096774,-0.059406,-0.108327,-0.268293,0.6693,0.2887,0.397,0.3142
2019-08-21,22,50,65,137,0.4745,-0.388889,-0.20438,-0.202532,-0.428571,0.6856,0.2255,0.4281,0.3464
2019-08-22,45,83,82,210,0.3905,-0.296875,-0.180952,-0.195297,-0.408602,0.6981,0.2404,0.4357,0.324
2019-08-23,70,104,117,291,0.4021,-0.195402,-0.116838,-0.145715,-0.318182,0.6991,0.268,0.4137,0.3183
2019-08-24,10,10,10,30,0.3333,0.0,0.0,-0.022664,-0.166667,0.695,0.3257,0.3484,0.3258
2019-08-25,16,14,24,54,0.4444,0.066667,0.037037,0.000805,0.15,0.6686,0.3313,0.3305,0.3382
2019-08-26,72,61,91,224,0.4062,0.082707,0.049107,0.000686,0.061224,0.691,0.3434,0.3427,0.3138
2019-08-27,72,84,93,249,0.3735,-0.076923,-0.048193,-0.073442,-0.119266,0.6922,0.3042,0.3777,0.3181
2019-08-28,47,62,51,160,0.3188,-0.137615,-0.09375,-0.090494,-0.089888,0.7251,0.3214,0.4119,0.2666
2019-08-29,40,46,67,153,0.4379,-0.069767,-0.039216,-0.079413,-0.213115,0.6779,0.2896,0.369,0.3415
2019-08-30,47,71,71,189,0.3757,-0.20339,-0.126984,-0.154117,-0.280899,0.6918,0.269,0.4231,0.3079
2019-08-31,14,29,25,68,0.3676,-0.348837,-0.220588,-0.198659,-0.555556,0.6911,0.2378,0.4365,0.3257
2019-09-01,6,25,27,58,0.4655,-0.612903,-0.327586,-0.296008,-0.666667,0.6967,0.1705,0.4665,0.3629
2019-09-02,26,55,51,132,0.3864,-0.358025,-0.219697,-0.221234,-0.525424,0.6949,0.2364,0.4576,0.306
2019-09-03,28,68,51,147,0.3469,-0.416667,-0.272109,-0.2902,-0.539474,0.7211,0.2102,0.5004,0.2895
2019-09-04,40,74,57,171,0.3333,-0.298246,-0.19883,-0.146117,-0.25,0.7082,0.2832,0.4293,0.2875
2019-09-05,45,57,67,169,0.3964,-0.117647,-0.071006,-0.081309,-0.069444,0.6873,0.3047,0.3861,0.3092
2019-09-06,31,38,52,121,0.4298,-0.101449,-0.057851,-0.081084,-0.081633,0.6948,0.2956,0.3767,0.3277
2019-09-07,18,12,32,62,0.5161,0.2,0.096774,0.017986,0.166667,0.6472,0.316,0.298,0.3859
2019-09-08,5,20,26,51,0.5098,-0.6,-0.294118,-0.210509,-0.65,0.6818,0.2083,0.4188,0.3728
2019-09-09,45,41,52,138,0.3768,0.046512,0.028986,-0.04891,-0.017241,0.6834,0.3237,0.3726,0.3037
2019-09-10,31,55,61,147,0.415,-0.27907,-0.163265,-0.200222,-0.428571,0.6911,0.2382,0.4385,0.3233
2019-09-11,54,43,54,151,0.3576,0.113402,0.072848,0.025977,0.186667,0.7122,0.3593,0.3333,0.3074
2019-09-12,47,60,58,165,0.3515,-0.121495,-0.078788,-0.077683,-0.185714,0.6879,0.3182,0.3959,0.2859
2019-09-13,32,39,46,117,0.3932,-0.098592,-0.059829,-0.084846,-0.034483,0.7035,0.3047,0.3896,0.3057
2019-09-14,23,18,26,67,0.3881,0.121951,0.074627,-0.026369,-0.034483,0.6842,0.3237,0.3501,0.3262
2019-09-15,13,18,31,62,0.5,-0.16129,-0.080645,-0.109297,-0.28,0.6823,0.2563,0.3656,0.378
2019-09-16,56,69,63,188,0.3351,-0.104,-0.069149,-0.110391,-0.217391,0.6705,0.287,0.3974,0.3157
2019-09-17,30,61,59,150,0.3933,-0.340659,-0.206667,-0.194029,-0.47619,0.6884,0.2404,0.4344,0.3252
2019-09-18,35,39,46,120,0.3833,-0.054054,-0.033333,-0.060374,-0.064516,0.7129,0.3198,0.3802,0.3001
2019-09-19,37,54,81,172,0.4709,-0.186813,-0.098837,-0.136288,-0.338462,0.6762,0.2586,0.3949,0.3465
2019-09-20,124,54,78,256,0.3047,0.393258,0.273438,0.174243,0.377953,0.6967,0.4449,0.2706,0.2845
2019-09-21,34,24,35,93,0.3763,0.172414,0.107527,0.027066,0.102564,0.699,0.3517,0.3246,0.3237
2019-09-22,18,16,44,78,0.5641,0.058824,0.025641,-0.045306,0.0,0.6583,0.2855,0.3309,0.3836
2019-09-23,47,33,31,111,0.2793,0.175,0.126126,0.093845,0.265625,0.7334,0.4183,0.3244,0.2573
2019-09-24,56,38,60,154,0.3896,0.191489,0.116883,0.026763,0.15873,0.6966,0.3569,0.3302,0.3129
2019-09-25,31,50,73,154,0.474,-0.234568,-0.123377,-0.143597,-0.4,0.6789,0.2544,0.398,0.3476
2019-09-26,49,37,73,159,0.4591,0.139535,0.075472,0.022731,0.179104,0.6887,0.3394,0.3166,0.344
2019-09-27,42,47,55,144,0.3819,-0.05618,-0.034722,-0.066018,-0.056338,0.7054,0.3174,0.3834,0.2992
2019-09-28,14,17,23,54,0.4259,-0.096774,-0.055556,-0.095844,-0.263158,0.6748,0.2798,0.3756,0.3446
2019-09-29,22,16,40,78,0.5128,0.157895,0.076923,-0.031784,0.043478,0.6393,0.2857,0.3174,0.3969
2019-09-30,42,66,65,173,0.3757,-0.222222,-0.138728,-0.118013,-0.138889,0.6789,0.286,0.404,0.31
2019-10-01,39,54,60,153,0.3922,-0.16129,-0.098039,-0.131254,-0.338235,0.6945,0.281,0.4123,0.3067
2019-10-02,18,22,31,71,0.4366,-0.1,-0.056338,-0.135184,-0.225806,0.6965,0.2637,0.3989,0.3375
2019-10-03,52,51,60,163,0.3681,0.009709,0.006135,-0.040658,-0.08,0.7028,0.3288,0.3695,0.3017
2019-10-04,47,64,58,169,0.3432,-0.153153,-0.100592,-0.153295,-0.2875,0.7098,0.281,0.4343,0.2848
2019-10-05,14,22,25,61,0.4098,-0.222222,-0.131148,-0.132991,-0.321429,0.7042,0.277,0.4099,0.3131
2019-10-06,14,19,19,52,0.3654,-0.151515,-0.096154,-0.189339,-0.388889,0.66,0.2451,0.4344,0.3205
2019-10-07,39,36,50,125,0.4,0.04,0.024,-0.036968,-0.033898,0.7115,0.3303,0.3673,0.3024
2019-10-08,15,24,26,65,0.4,-0.230769,-0.138462,-0.162391,-0.171429,0.7227,0.2721,0.4345,0.2934
2019-10-09,50,55,46,151,0.3046,-0.047619,-0.033113,-0.059653,-0.135135,0.7014,0.3283,0.388,0.2837
2019-10-10,45,57,69,171,0.4035,-0.117647,-0.070175,-0.107135,-0.141026,0.702,0.2944,0.4015,0.3041
2019-10-11,48,51,32,131,0.2443,-0.030303,-0.022901,-0.036139,-0.045455,0.721,0.3615,0.3977,0.2408
2019-10-12,14,14,23,51,0.451,0.0,0.0,-0.078199,-0.2,0.6803,0.2956,0.3738,0.3305
2019-10-13,13,19,28,60,0.4667,-0.1875,-0.1,-0.1723,-0.318182,0.676,0.2335,0.4058,0.3608
2019-10-14,49,45,40,134,0.2985,0.042553,0.029851,-0.020348,-0.116667,0.7004,0.356,0.3764,0.2676
2019-10-15,45,58,69,172,0.4012,-0.126214,-0.075581,-0.099912,-0.178571,0.7134,0.2929,0.3928,0.3143
2019-10-16,52,56,61,169,0.3609,-0.037037,-0.023669,-0.03943,-0.04,0.6954,0.3353,0.3747,0.29
2019-10-17,56,42,72,170,0.4235,0.142857,0.082353,0.002148,0.073529,0.6885,0.3294,0.3272,0.3434
2019-10-18,43,60,51,154,0.3312,-0.165049,-0.11039,-0.11456,-0.204819,0.7248,0.3039,0.4185,0.2777
2019-10-19,22,13,25,60,0.4167,0.257143,0.15,0.100756,0.363636,0.6683,0.3825,0.2817,0.3358
2019-10-20,16,7,35,58,0.6034,0.391304,0.155172,0.032849,0.263158,0.6545,0.3132,0.2803,0.4065
2019-10-21,34,41,46,121,0.3802,-0.093333,-0.057851,-0.105973,-0.255319,0.6911,0.2875,0.3935,0.319
2019-10-22,40,37,62,139,0.446,0.038961,0.021583,-0.062712,-0.163636,0.6813,0.2989,0.3616,0.3395
2019-10-23,39,44,32,115,0.2783,-0.060241,-0.043478,-0.047316,-0.014706,0.7311,0.3519,0.3992,0.2488
2019-10-24,53,36,28,117,0.2393,0.191011,0.145299,0.007102,-0.035088,0.7115,0.3705,0.3634,0.2662
2019-10-25,46,45,36,127,0.2835,0.010989,0.007874,-0.039884,-0.029412,0.7118,0.3486,0.3884,0.263
2019-10-26,12,14,20,46,0.4348,-0.076923,-0.043478,-0.036369,-0.125,0.6546,0.3048,0.3412,0.3539
2019-10-27,22,11,14,47,0.2979,0.333333,0.234043,0.156317,0.333333,0.7398,0.4405,0.2842,0.2753
2019-10-28,13,17,21,51,0.4118,-0.133333,-0.078431,-0.101283,-0.142857,0.7086,0.2917,0.393,0.3153
2019-10-29,55,37,63,155,0.4065,0.195652,0.116129,0.026773,0.085714,0.6943,0.3542,0.3274,0.3184
2019-10-30,41,41,52,134,0.3881,0.0,0.0,-0.041983,-0.017241,0.7061,0.3229,0.3649,0.3123
2019-10-31,55,45,59,159,0.3711,0.1,0.062893,0.025953,0.168675,0.7235,0.3691,0.3432,0.2878
2019-11-01,50,43,36,129,0.2791,0.075269,0.054264,0.000134,0.014085,0.7374,0.3756,0.3755,0.2489
2019-11-02,18,15,28,61,0.459,0.090909,0.04918,-0.010278,0.035714,0.7022,0.3279,0.3381,0.3341
2019-11-03,20,8,30,58,0.5172,0.428571,0.206897,0.098431,0.428571,0.668,0.3634,0.265,0.3716
2019-11-04,46,44,55,145,0.3793,0.022222,0.013793,-0.033486,0.03125,0.6808,0.3293,0.3628,0.3078
2019-11-05,35,36,51,122,0.418,-0.014085,-0.008197,-0.032025,-0.096154,0.6896,0.326,0.358,0.316
2019-11-06,47,31,62,140,0.4429,0.205128,0.114286,0.089248,0.241379,0.6835,0.3727,0.2834,0.3439
2019-11-07,44,42,50,136,0.3676,0.023256,0.014706,-0.020761,0.019231,0.6791,0.3301,0.3509,0.319
2019-11-08,41,82,71,194,0.366,-0.333333,-0.21134,-0.193944,-0.355556,0.7087,0.2545,0.4484,0.2971
2019-11-09,13,15,10,38,0.2632,-0.071429,-0.052632,-0.10454,-0.142857,0.6797,0.301,0.4055,0.2935
2019-11-10,14,16,20,50,0.4,-0.066667,-0.04,-0.139939,-0.227273,0.7081,0.2651,0.4051,0.3298
2019-11-11,59,40,43,142,0.3028,0.191919,0.133803,0.051806,0.161765,0.7065,0.3885,0.3367,0.2747
2019-11-12,22,39,49,110,0.4455,-0.278689,-0.154545,-0.190219,-0.386364,0.6892,0.2274,0.4176,0.355
2019-11-13,33,47,40,120,0.3333,-0.175,-0.116667,-0.137183,-0.384615,0.7067,0.2838,0.421,0.2951
2019-11-14,42,61,57,160,0.3562,-0.184466,-0.11875,-0.113496,-0.112676,0.6902,0.2902,0.4037,0.306
2019-11-15,45,22,32,99,0.3232,0.343284,0.232323,0.114186,0.340426,0.708,0.4119,0.2977,0.2903
2019-11-16,15,14,24,53,0.4528,0.034483,0.018868,-0.021239,0.190476,0.6833,0.3107,0.3319,0.3573
2019-11-17,10,11,24,45,0.5333,-0.047619,-0.022222,-0.055258,0.0,0.6613,0.2835,0.3387,0.3778
2019-11-18,36,52,61,149,0.4094,-0.181818,-0.107383,-0.111857,-0.129032,0.6828,0.2855,0.3974,0.3171
2019-11-19,32,44,39,115,0.3391,-0.157895,-0.104348,-0.088454,-0.134615,0.6948,0.3104,0.3988,0.2908
2019-11-20,29,46,56,131,0.4275,-0.226667,-0.129771,-0.152036,-0.280702,0.6826,0.2672,0.4192,0.3136
2019-11-21,40,36,54,130,0.4154,0.052632,0.030769,-0.045031,0.0,0.6899,0.3105,0.3555,0.334
2019-11-22,44,36,50,130,0.3846,0.1,0.061538,-0.023914,-0.037736,0.6809,0.3239,0.3479,0.3282
2019-11-23,17,11,21,49,0.4286,0.214286,0.122449,0.01696,0.0,0.6739,0.3416,0.3247,0.3337
2019-11-24,8,10,19,37,0.5135,-0.111111,-0.054054,-0.079422,-0.2,0.6897,0.2729,0.3523,0.3749
2019-11-25,46,27,52,125,0.416,0.260274,0.152,0.066262,0.237288,0.7067,0.3872,0.321,0.2918
2019-11-26,49,32,52,133,0.391,0.209877,0.12782,0.070403,0.229508,0.6873,0.3748,0.3044,0.3209
2019-11-27,58,36,47,141,0.3333,0.234043,0.156028,0.097099,0.25,0.6992,0.4074,0.3103,0.2823
2019-11-28,44,51,50,145,0.3448,-0.073684,-0.048276,-0.047351,0.03125,0.6808,0.327,0.3744,0.2986
2019-11-29,30,69,53,152,0.3487,-0.393939,-0.256579,-0.241133,-0.432099,0.7251,0.2415,0.4826,0.2759
2019-11-30,20,23,18,61,0.2951,-0.069767,-0.04918,-0.097875,-0.222222,0.6741,0.2976,0.3955,0.3069
2019-12-01,14,12,32,58,0.5517,0.076923,0.034483,-0.000534,-0.15,0.6451,0.2995,0.3,0.4005
2019-12-02,30,28,30,88,0.3409,0.034483,0.022727,0.00443,-0.027027,0.6942,0.355,0.3506,0.2945
2019-12-03,25,42,80,147,0.5442,-0.253731,-0.115646,-0.13783,-0.226415,0.6655,0.2409,0.3787,0.3803
2019-12-04,48,31,51,130,0.3923,0.21519,0.130769,0.04395,0.196721,0.6962,0.3662,0.3222,0.3116
2019-12-05,40,72,88,200,0.44,-0.285714,-0.16,-0.148562,-0.227848,0.6782,0.2559,0.4044,0.3397
2019-12-06,44,46,50,140,0.3571,-0.022222,-0.014286,-0.046078,-0.065574,0.6971,0.3284,0.3745,0.2971
2019-12-07,14,22,23,59,0.3898,-0.222222,-0.135593,-0.114673,-0.214286,0.7,0.2893,0.404,0.3067
2019-12-08,8,23,23,54,0.4259,-0.483871,-0.277778,-0.225958,-0.56,0.7044,0.2269,0.4528,0.3203
2019-12-09,41,44,43,128,0.3359,-0.035294,-0.023438,-0.088605,-0.192982,0.6802,0.3075,0.3961,0.2965
2019-12-10,39,53,62,154,0.4026,-0.152174,-0.090909,-0.120277,-0.217391,0.6984,0.2858,0.4061,0.3082
2019-12-11,39,48,58,145,0.4,-0.103448,-0.062069,-0.11025,-0.203125,0.6995,0.2878,0.398,0.3142
2019-12-12,45,41,49,135,0.363,0.046512,0.02963,-0.027808,0.032787,0.6888,0.3343,0.3621,0.3036
2019-12-13,64,39,56,159,0.3522,0.242718,0.157233,0.086439,0.220779,0.7132,0.3979,0.3115,0.2905
2019-12-14,23,20,25,68,0.3676,0.069767,0.044118,-0.031288,0.0,0.679,0.3265,0.3578,0.3156
2019-12-15,14,13,26,53,0.4906,0.037037,0.018868,-0.044243,0.117647,0.6397,0.3068,0.351,0.3423
2019-12-16,60,46,78,184,0.4239,0.132075,0.076087,0.023842,0.178082,0.688,0.3439,0.32,0.3361
2019-12-17,55,40,63,158,0.3987,0.157895,0.094937,0.043612,0.1875,0.6716,0.3583,0.3147,0.3269
2019-12-18,34,39,57,130,0.4385,-0.068493,-0.038462,-0.066945,-0.06,0.6779,0.2949,0.3618,0.3433
2019-12-19,41,32,54,127,0.4252,0.123288,0.070866,0.036696,0.183673,0.6797,0.3557,0.319,0.3253
2019-12-20,40,33,61,134,0.4552,0.09589,0.052239,-0.011266,-0.018519,0.6907,0.3186,0.3299,0.3516
2019-12-21,16,17,27,60,0.45,-0.030303,-0.016667,-0.06212,-0.095238,0.6608,0.288,0.3501,0.3619
2019-12-22,15,7,22,44,0.5,0.363636,0.181818,0.075756,0.157895,0.696,0.3416,0.2659,0.3925
2019-12-23,41,36,58,135,0.4296,0.064935,0.037037,-0.02974,-0.016129,0.6805,0.3187,0.3484,0.333
2019-12-24,31,34,57,122,0.4672,-0.046154,-0.02459,-0.071813,-0.085106,0.6775,0.2864,0.3583,0.3553
2019-12-25,9,19,22,50,0.44,-0.357143,-0.2,-0.200009,-0.363636,0.6957,0.2367,0.4367,0.3265
2019-12-26,37,32,38,107,0.3551,0.072464,0.046729,-0.006837,0.081633,0.693,0.3508,0.3576,0.2917
2019-12-27,0,0,1,1,1.0,0.0,0.0,0.037109,0.0,0.542,0.2477,0.2106,0.542
2020-01-01,47,29,48,124,0.3871,0.236842,0.145161,0.061698,0.218182,0.7063,0.373,0.3113,0.3157
2020-01-02,55,24,35,114,0.307,0.392405,0.27193,0.153336,0.368421,0.7232,0.4401,0.2867,0.2732
2020-01-03,44,36,36,116,0.3103,0.1,0.068966,0.002191,0.017857,0.6988,0.359,0.3568,0.2842
2020-01-04,14,13,27,54,0.5,0.037037,0.018519,-0.068581,-0.222222,0.6715,0.2731,0.3416,0.3853
2020-01-05,17,11,21,49,0.4286,0.214286,0.122449,0.046516,0.352941,0.6467,0.3376,0.2911,0.3713
2020-01-06,29,52,50,131,0.3817,-0.283951,-0.175573,-0.143093,-0.203125,0.7064,0.2854,0.4285,0.2861
2020-01-07,52,39,52,143,0.3636,0.142857,0.090909,0.026197,0.193548,0.6955,0.3604,0.3342,0.3054
2020-01-08,38,70,62,170,0.3647,-0.296296,-0.188235,-0.181454,-0.373494,0.7054,0.2692,0.4507,0.2801
2020-01-09,53,43,61,157,0.3885,0.104167,0.063694,0.023279,0.144928,0.6995,0.3611,0.3378,0.301
2020-01-10,45,35,51,131,0.3893,0.125,0.076336,0.020955,0.16129,0.7064,0.3572,0.3363,0.3065
2020-01-11,17,15,26,58,0.4483,0.0625,0.034483,-0.013585,0.095238,0.6641,0.3194,0.333,0.3476
2020-01-12,8,12,21,41,0.5122,-0.2,-0.097561,-0.053504,0.076923,0.6667,0.2811,0.3346,0.3844
2020-01-13,49,55,52,156,0.3333,-0.057692,-0.038462,-0.069885,-0.096386,0.7151,0.3258,0.3957,0.2785
2020-01-14,45,68,64,177,0.3616,-0.20354,-0.129944,-0.129558,-0.219512,0.6919,0.2859,0.4155,0.2986
2020-01-15,36,48,53,137,0.3869,-0.142857,-0.087591,-0.09795,-0.196429,0.6812,0.2942,0.3921,0.3137
2020-01-16,43,29,77,149,0.5168,0.194444,0.09396,-0.003493,0.136364,0.6558,0.3013,0.3048,0.3939
2020-01-17,36,42,47,125,0.376,-0.076923,-0.048,-0.056869,-0.016667,0.7053,0.3238,0.3806,0.2956
2020-01-18,18,16,18,52,0.3462,0.058824,0.038462,0.013303,0.318182,0.6849,0.3497,0.3364,0.3139
2020-01-19,17,11,20,48,0.4167,0.214286,0.125,0.034465,0.111111,0.6728,0.3398,0.3053,0.3549
2020-01-20,38,48,81,167,0.485,-0.116279,-0.05988,-0.104003,-0.2,0.6668,0.2704,0.3744,0.3552
2020-01-21,39,61,60,160,0.375,-0.22,-0.1375,-0.180751,-0.39726,0.7035,0.2622,0.443,0.2948
2020-01-22,42,57,84,183,0.459,-0.151515,-0.081967,-0.110495,-0.243243,0.6866,0.2766,0.3871,0.3363
2020-01-23,46,29,80,155,0.5161,0.226667,0.109677,0.03693,0.122449,0.6618,0.3312,0.2943,0.3745
2020-01-24,48,40,68,156,0.4359,0.090909,0.051282,-0.00639,-0.045455,0.6759,0.333,0.3394,0.3276
2020-01-25,14,16,39,69,0.5652,-0.066667,-0.028986,-0.084207,-0.25,0.6514,0.2613,0.3455,0.3932
2020-01-26,8,13,24,45,0.5333,-0.238095,-0.111111,-0.13326,-0.263158,0.6821,0.244,0.3773,0.3787
2020-01-27,37,55,78,170,0.4588,-0.195652,-0.105882,-0.157692,-0.328571,0.6917,0.2507,0.4084,0.341
2020-01-28,45,55,54,154,0.3506,-0.1,-0.064935,-0.114831,-0.220588,0.7035,0.2934,0.4082,0.2985
2020-01-29,48,41,66,155,0.4258,0.078652,0.045161,0.002797,0.112676,0.7001,0.341,0.3383,0.3207
2020-01-30,49,66,84,199,0.4221,-0.147826,-0.085427,-0.102903,-0.192771,0.6844,0.2874,0.3903,0.3223
2020-01-31,25,27,57,109,0.5229,-0.038462,-0.018349,-0.051159,-0.04878,0.6852,0.2888,0.34,0.3711
2020-02-01,87,84,125,296,0.4223,0.017544,0.010135,-0.04651,-0.140351,0.6797,0.3055,0.352,0.3425
2020-02-02,29,29,47,105,0.4476,0.0,0.0,-0.051565,0.02439,0.6724,0.2964,0.348,0.3556
2020-02-03,33,49,73,155,0.471,-0.195122,-0.103226,-0.133639,-0.265625,0.7036,0.2638,0.3974,0.3388
2020-02-04,53,45,68,166,0.4096,0.081633,0.048193,-0.004837,0.140625,0.687,0.3319,0.3367,0.3314
2020-02-05,64,40,57,161,0.354,0.230769,0.149068,0.050949,0.230769,0.7122,0.3783,0.3273,0.2944
2020-02-06,76,47,96,219,0.4384,0.235772,0.13242,0.039188,0.146067,0.6823,0.3464,0.3072,0.3464
2020-02-07,45,43,52,140,0.3714,0.022727,0.014286,-0.012284,0.129032,0.696,0.3439,0.3562,0.2999
2020-02-08,13,22,26,61,0.4262,-0.257143,-0.147541,-0.186546,-0.538462,0.6963,0.2396,0.4261,0.3343
2020-02-09,16,10,22,48,0.4583,0.230769,0.125,0.028505,0.08,0.6939,0.3267,0.2982,0.3751
2020-02-10,25,49,68,142,0.4789,-0.324324,-0.169014,-0.190931,-0.47541,0.6971,0.2352,0.4261,0.3386
2020-02-11,62,37,51,150,0.34,0.252525,0.166667,0.078915,0.197368,0.719,0.3944,0.3154,0.2902
2020-02-12,53,47,56,156,0.359,0.06,0.038462,-0.002879,-0.027397,0.6982,0.3573,0.3601,0.2826
2020-02-13,57,51,43,151,0.2848,0.055556,0.039735,-0.006245,0.111111,0.7173,0.3617,0.3679,0.2704
2020-02-14,32,39,59,130,0.4538,-0.098592,-0.053846,-0.067632,-0.156863,0.6851,0.292,0.3597,0.3483
2020-02-15,14,19,28,61,0.459,-0.151515,-0.081967,-0.128387,-0.32,0.6859,0.2613,0.3897,0.3491
2020-02-16,14,17,23,54,0.4259,-0.096774,-0.055556,-0.111206,-0.25,0.6764,0.2645,0.3758,0.3597
2020-02-17,39,56,45,140,0.3214,-0.178947,-0.121429,-0.130118,-0.253731,0.7157,0.2919,0.4221,0.286
2020-02-18,43,46,59,148,0.3986,-0.033708,-0.02027,-0.118672,-0.279412,0.7065,0.2896,0.4083,0.3021
2020-02-19,45,38,40,123,0.3252,0.084337,0.056911,0.012836,0.12,0.6932,0.3584,0.3456,0.296
2020-02-20,46,55,49,150,0.3267,-0.089109,-0.06,-0.099101,-0.136986,0.7043,0.3115,0.4106,0.2779
2020-02-21,21,22,26,69,0.3768,-0.023256,-0.014493,-0.041442,-0.03125,0.7081,0.3209,0.3623,0.3168
2020-02-22,11,14,21,46,0.4565,-0.12,-0.065217,-0.12375,-0.4,0.6654,0.2524,0.3762,0.3714
2020-02-23,13,13,28,54,0.5185,0.0,0.0,-0.040614,-0.05,0.6634,0.2991,0.3397,0.3611
2020-02-24,46,50,60,156,0.3846,-0.041667,-0.025641,-0.117875,-0.236111,0.7081,0.2843,0.4021,0.3136
2020-02-25,17,32,33,82,0.4024,-0.306122,-0.182927,-0.213063,-0.4375,0.6931,0.2304,0.4434,0.3262
2020-02-26,45,57,47,149,0.3154,-0.117647,-0.080537,-0.119594,-0.171053,0.711,0.301,0.4206,0.2784
2020-02-27,42,63,55,160,0.3438,-0.2,-0.13125,-0.140016,-0.285714,0.7103,0.2814,0.4214,0.2971
2020-02-28,44,104,48,196,0.2449,-0.405405,-0.306122,-0.306991,-0.542373,0.749,0.2353,0.5423,0.2224
2020-02-29,7,27,25,59,0.4237,-0.588235,-0.338983,-0.305486,-0.68,0.707,0.19,0.4955,0.3145
2020-03-01,9,21,28,58,0.4828,-0.4,-0.206897,-0.196619,-0.541667,0.678,0.2268,0.4234,0.3498
2020-03-02,39,48,33,120,0.275,-0.103448,-0.075,-0.108041,-0.15873,0.7299,0.3249,0.433,0.2421
2020-03-03,37,42,61,140,0.4357,-0.063291,-0.035714,-0.044353,-0.071429,0.6841,0.313,0.3574,0.3295
2020-03-04,51,56,60,167,0.3593,-0.046729,-0.02994,-0.092458,-0.256757,0.6974,0.3058,0.3983,0.2959
2020-03-05,50,57,45,152,0.2961,-0.065421,-0.046053,-0.057702,-0.051948,0.7187,0.3354,0.3931,0.2714
2020-03-06,34,88,42,164,0.2561,-0.442623,-0.329268,-0.294405,-0.505263,0.7484,0.2334,0.5278,0.2387
2020-03-07,10,22,25,57,0.4386,-0.375,-0.210526,-0.241586,-0.6,0.7006,0.2182,0.4598,0.322
2020-03-08,9,19,16,44,0.3636,-0.357143,-0.227273,-0.258206,-0.625,0.6931,0.2105,0.4687,0.3207
2020-03-09,47,98,46,191,0.2408,-0.351724,-0.267016,-0.266778,-0.495238,0.7383,0.2518,0.5186,0.2296
2020-03-10,24,42,23,89,0.2584,-0.272727,-0.202247,-0.179176,-0.24,0.7326,0.2968,0.476,0.2271
2020-03-11,48,71,47,166,0.2831,-0.193277,-0.138554,-0.140801,-0.176471,0.7195,0.3019,0.4427,0.2555
2020-03-12,31,100,45,176,0.2557,-0.526718,-0.392045,-0.345275,-0.634409,0.7278,0.2073,0.5525,0.2402
2020-03-13,49,79,65,193,0.3368,-0.234375,-0.15544,-0.141989,-0.290323,0.693,0.2825,0.4245,0.293
2020-03-14,18,31,19,68,0.2794,-0.265306,-0.191176,-0.151491,-0.24,0.6494,0.2681,0.4196,0.3123
2020-03-15,4,29,18,51,0.3529,-0.757576,-0.490196,-0.405176,-0.95,0.6916,0.1497,0.5549,0.2954
2020-03-16,40,102,73,215,0.3395,-0.43662,-0.288372,-0.279856,-0.534653,0.7154,0.2141,0.494,0.2919
2020-03-17,32,72,42,146,0.2877,-0.384615,-0.273973,-0.263972,-0.45679,0.7402,0.245,0.5089,0.2461
2020-03-18,30,87,50,167,0.2994,-0.487179,-0.341317,-0.308139,-0.553191,0.7399,0.2213,0.5294,0.2493
2020-03-19,36,107,60,203,0.2956,-0.496503,-0.349754,-0.324874,-0.577982,0.7262,0.2127,0.5376,0.2497
2020-03-20,56,68,61,185,0.3297,-0.096774,-0.064865,-0.114311,-0.148515,0.7279,0.3109,0.4252,0.2639
2020-03-21,13,42,21,76,0.2763,-0.527273,-0.381579,-0.322207,-0.564103,0.7136,0.1974,0.5196,0.283
2020-03-22,1,22,14,37,0.3784,-0.913043,-0.567568,-0.424076,-1.0,0.6754,0.1248,0.5489,0.3264
2020-03-23,15,68,54,137,0.3942,-0.638554,-0.386861,-0.358405,-0.671875,0.716,0.1728,0.5312,0.296
2020-03-24,58,78,65,201,0.3234,-0.147059,-0.099502,-0.102349,-0.190476,0.7218,0.3148,0.4171,0.2681
2020-03-25,47,77,64,188,0.3404,-0.241935,-0.159574,-0.156135,-0.226804,0.713,0.2832,0.4394,0.2774
2020-03-26,48,70,59,177,0.3333,-0.186441,-0.124294,-0.159696,-0.226804,0.7196,0.2845,0.4442,0.2713
2020-03-27,41,57,85,183,0.4645,-0.163265,-0.087432,-0.111912,-0.176471,0.6415,0.2573,0.3692,0.3736
2020-03-28,10,37,31,78,0.3974,-0.574468,-0.346154,-0.311526,-0.735294,0.6791,0.187,0.4985,0.3145
2020-03-29,9,25,26,60,0.4333,-0.470588,-0.266667,-0.260473,-0.545455,0.6774,0.197,0.4574,0.3456
2020-03-30,32,84,59,175,0.3371,-0.448276,-0.297143,-0.291821,-0.564706,0.7111,0.2122,0.504,0.2839
2020-03-31,45,73,54,172,0.314,-0.237288,-0.162791,-0.155041,-0.223404,0.7215,0.2909,0.4459,0.2632
2020-04-01,34,96,49,179,0.2737,-0.476923,-0.346369,-0.311865,-0.608247,0.7277,0.2208,0.5326,0.2466
2020-04-02,33,65,46,144,0.3194,-0.326531,-0.222222,-0.22674,-0.371795,0.7362,0.2545,0.4812,0.2643
2020-04-03,27,85,50,162,0.3086,-0.517857,-0.358025,-0.320543,-0.54023,0.7307,0.2143,0.5348,0.2509
2020-04-04,13,32,32,77,0.4156,-0.422222,-0.246753,-0.231183,-0.451613,0.6748,0.2148,0.446,0.3391
2020-04-05,10,39,28,77,0.3636,-0.591837,-0.376623,-0.322745,-0.676471,0.7037,0.1809,0.5036,0.3156
2020-04-06,19,38,36,93,0.3871,-0.333333,-0.204301,-0.196251,-0.238095,0.6971,0.2525,0.4487,0.2988
2020-04-07,46,61,53,160,0.3312,-0.140187,-0.09375,-0.071561,0.042254,0.7,0.3185,0.39,0.2915
2020-04-08,33,77,69,179,0.3855,-0.4,-0.24581,-0.248055,-0.428571,0.7209,0.2313,0.4793,0.2894
2020-04-09,53,82,63,198,0.3182,-0.214815,-0.146465,-0.147982,-0.179245,0.724,0.2902,0.4382,0.2715
2020-04-10,28,69,45,142,0.3169,-0.42268,-0.288732,-0.230497,-0.4,0.7237,0.2455,0.476,0.2785
2020-04-11,12,15,18,45,0.4,-0.111111,-0.066667,-0.117785,-0.315789,0.6885,0.2682,0.3859,0.3459
2020-04-12,4,23,26,53,0.4906,-0.703704,-0.358491,-0.298598,-0.647059,0.661,0.1634,0.462,0.3747
2020-04-13,35,98,90,223,0.4036,-0.473684,-0.282511,-0.270641,-0.565657,0.6948,0.2129,0.4836,0.3035
2020-04-14,37,80,82,199,0.4121,-0.367521,-0.21608,-0.217704,-0.432099,0.6836,0.2315,0.4492,0.3193
2020-04-15,61,74,82,217,0.3779,-0.096296,-0.059908,-0.11458,-0.168317,0.7015,0.2893,0.4039,0.3067
2020-04-16,30,70,62,162,0.3827,-0.4,-0.246914,-0.264025,-0.486842,0.7065,0.2156,0.4796,0.3048
2020-04-17,68,76,101,245,0.4122,-0.055556,-0.032653,-0.073749,-0.122449,0.69,0.2991,0.3728,0.3281
2020-04-18,15,23,38,76,0.5,-0.210526,-0.105263,-0.172307,-0.392857,0.6664,0.2222,0.3945,0.3833
2020-04-19,9,22,35,66,0.5303,-0.419355,-0.19697,-0.173159,-0.318182,0.6624,0.2143,0.3875,0.3982
2020-04-20,41,82,62,185,0.3351,-0.333333,-0.221622,-0.210984,-0.393939,0.7224,0.2546,0.4655,0.2799
2020-04-21,25,59,38,122,0.3115,-0.404762,-0.278689,-0.264554,-0.462687,0.7352,0.2388,0.5033,0.2578
2020-04-22,40,73,66,179,0.3687,-0.292035,-0.184358,-0.20376,-0.37931,0.7161,0.2473,0.4511,0.3016
2020-04-23,53,64,61,178,0.3427,-0.094017,-0.061798,-0.084714,-0.097826,0.7239,0.3136,0.3984,0.288
2020-04-24,30,81,80,191,0.4188,-0.459459,-0.267016,-0.27134,-0.473684,0.7088,0.2072,0.4786,0.3142
2020-04-25,10,37,52,99,0.5253,-0.574468,-0.272727,-0.267705,-0.766667,0.6506,0.1768,0.4445,0.3788
2020-04-26,10,15,36,61,0.5902,-0.2,-0.081967,-0.152434,-0.428571,0.6287,0.2063,0.3588,0.435
2020-04-27,33,57,61,151,0.404,-0.266667,-0.15894,-0.134961,-0.142857,0.692,0.2699,0.4048,0.3253
2020-04-28,54,64,77,195,0.3949,-0.084746,-0.051282,-0.0836,-0.079545,0.7071,0.303,0.3866,0.3104
2020-04-29,51,68,77,196,0.3929,-0.142857,-0.086735,-0.10813,-0.157895,0.704,0.2888,0.3969,0.3143
2020-04-30,67,68,82,217,0.3779,-0.007407,-0.004608,-0.05686,-0.038095,0.7041,0.3169,0.3737,0.3094
2020-05-01,17,41,50,108,0.463,-0.413793,-0.222222,-0.257297,-0.522727,0.6767,0.1975,0.4548,0.3477
2020-05-02,13,19,45,77,0.5844,-0.1875,-0.077922,-0.1313,-0.210526,0.6301,0.2246,0.3559,0.4195
2020-05-03,18,24,43,85,0.5059,-0.142857,-0.070588,-0.105115,-0.172414,0.6537,0.2663,0.3714,0.3623
2020-05-04,44,80,70,194,0.3608,-0.290323,-0.185567,-0.211276,-0.32967,0.7052,0.2456,0.4569,0.2976
2020-05-05,47,73,62,182,0.3407,-0.216667,-0.142857,-0.150907,-0.22093,0.7008,0.2792,0.4301,0.2907
2020-05-06,40,61,39,140,0.2786,-0.207921,-0.15,-0.1554,-0.285714,0.72,0.292,0.4474,0.2605
2020-05-07,49,67,61,177,0.3446,-0.155172,-0.101695,-0.138427,-0.282353,0.7026,0.2839,0.4223,0.2938
2020-05-08,48,62,80,190,0.4211,-0.127273,-0.073684,-0.087979,-0.107143,0.6952,0.2996,0.3876,0.3128
2020-05-09,18,35,33,86,0.3837,-0.320755,-0.197674,-0.173945,-0.317073,0.6964,0.269,0.443,0.288
2020-05-10,7,23,32,62,0.5161,-0.533333,-0.258065,-0.238902,-0.608696,0.6506,0.1988,0.4377,0.3636
2020-05-11,8,14,25,47,0.5319,-0.272727,-0.12766,-0.155055,-0.411765,0.663,0.2455,0.4006,0.3539
2020-05-12,32,46,70,148,0.473,-0.179487,-0.094595,-0.144933,-0.229167,0.6585,0.2468,0.3917,0.3615
2020-05-13,63,72,112,247,0.4534,-0.066667,-0.036437,-0.078888,-0.086957,0.6843,0.2861,0.365,0.3489
2020-05-14,49,81,87,217,0.4009,-0.246154,-0.147465,-0.168012,-0.314607,0.6793,0.2565,0.4245,0.319
2020-05-15,51,62,82,195,0.4205,-0.097345,-0.05641,-0.119536,-0.253521,0.6721,0.2736,0.3931,0.3332
2020-05-16,26,19,34,79,0.4304,0.155556,0.088608,-0.040404,-0.041667,0.6414,0.2978,0.3382,0.364
2020-05-17,13,31,39,83,0.4699,-0.409091,-0.216867,-0.198525,-0.461538,0.6462,0.2196,0.4182,0.3622
2020-05-18,52,72,89,213,0.4178,-0.16129,-0.093897,-0.130745,-0.153061,0.7021,0.2757,0.4064,0.3179
2020-05-19,44,77,67,188,0.3564,-0.272727,-0.175532,-0.170644,-0.264368,0.7016,0.2641,0.4347,0.3013
2020-05-20,57,62,61,180,0.3389,-0.042017,-0.027778,-0.065144,-0.057471,0.6979,0.3224,0.3875,0.2902
2020-05-21,41,52,50,143,0.3497,-0.11828,-0.076923,-0.08383,-0.106667,0.7199,0.3099,0.3937,0.2964
2020-05-22,50,91,87,228,0.3816,-0.29078,-0.179825,-0.199545,-0.418367,0.6956,0.2426,0.4421,0.3153
2020-05-23,4,27,38,69,0.5507,-0.741935,-0.333333,-0.300195,-0.826087,0.6743,0.1607,0.4609,0.3783
2020-05-24,19,31,39,89,0.4382,-0.24,-0.134831,-0.148829,-0.294118,0.6703,0.2518,0.4007,0.3475
2020-05-25,20,28,49,97,0.5052,-0.166667,-0.082474,-0.114926,-0.176471,0.6483,0.2525,0.3675,0.38
2020-05-26,39,51,33,123,0.2683,-0.133333,-0.097561,-0.137731,-0.217391,0.7333,0.3089,0.4466,0.2445
2020-05-27,46,66,73,185,0.3946,-0.178571,-0.108108,-0.125501,-0.232558,0.7123,0.2906,0.4161,0.2932
2020-05-28,54,62,53,169,0.3136,-0.068966,-0.047337,-0.079413,-0.126582,0.7067,0.3205,0.3999,0.2796
2020-05-29,47,76,66,189,0.3492,-0.235772,-0.153439,-0.151831,-0.213483,0.7148,0.2756,0.4275,0.2969
2020-05-30,18,22,49,89,0.5506,-0.1,-0.044944,-0.122948,-0.259259,0.6496,0.2284,0.3513,0.4203
2020-05-31,14,19,23,56,0.4107,-0.151515,-0.089286,-0.167456,-0.428571,0.6764,0.2452,0.4126,0.3422
2020-06-01,49,51,53,153,0.3464,-0.02,-0.013072,-0.07351,-0.125,0.7101,0.3225,0.396,0.2814
2020-06-02,61,58,69,188,0.367,0.02521,0.015957,-0.025671,0.022727,0.7088,0.337,0.3627,0.3003
2020-06-03,47,43,71,161,0.441,0.044444,0.024845,-0.030563,0.070423,0.7025,0.3189,0.3495,0.3316
2020-06-04,46,56,64,166,0.3855,-0.098039,-0.060241,-0.096615,-0.088608,0.716,0.2931,0.3897,0.3172
2020-06-05,61,30,59,150,0.3933,0.340659,0.206667,0.094325,0.333333,0.675,0.3874,0.2931,0.3195
2020-06-06,17,31,42,90,0.4667,-0.291667,-0.155556,-0.174655,-0.322581,0.6514,0.2321,0.4067,0.3612
2020-06-07,20,22,24,66,0.3636,-0.047619,-0.030303,-0.080024,-0.114286,0.7116,0.3047,0.3847,0.3105
2020-06-08,48,58,64,170,0.3765,-0.09434,-0.058824,-0.072208,-0.138889,0.6926,0.3084,0.3806,0.311
2020-06-09,49,80,47,176,0.267,-0.24031,-0.176136,-0.162331,-0.269231,0.7406,0.298,0.4603,0.2418
2020-06-10,56,55,54,165,0.3273,0.009009,0.006061,-0.032516,0.0,0.7225,0.3473,0.3798,0.2729
2020-06-11,44,68,70,182,0.3846,-0.214286,-0.131868,-0.156434,-0.313253,0.6983,0.2671,0.4235,0.3094
2020-06-12,38,60,53,151,0.351,-0.22449,-0.145695,-0.142414,-0.315068,0.6949,0.2831,0.4256,0.2913
2020-06-13,12,29,37,78,0.4744,-0.414634,-0.217949,-0.219618,-0.411765,0.6756,0.2148,0.4345,0.3507
2020-06-14,13,15,29,57,0.5088,-0.071429,-0.035088,-0.054722,-0.12,0.677,0.2956,0.3503,0.3541
2020-06-15,38,52,55,145,0.3793,-0.155556,-0.096552,-0.126175,-0.310345,0.6877,0.2827,0.4088,0.3085
2020-06-16,61,50,51,162,0.3148,0.099099,0.067901,0.038561,0.152174,0.7401,0.3884,0.3498,0.2619
2020-06-17,46,45,49,140,0.35,0.010989,0.007143,-0.055323,-0.147059,0.7088,0.3259,0.3812,0.2928
2020-06-18,53,48,54,155,0.3484,0.049505,0.032258,-0.054179,-0.076923,0.7106,0.3256,0.3798,0.2945
2020-06-19,45,48,45,138,0.3261,-0.032258,-0.021739,-0.014502,0.118421,0.7256,0.3564,0.3709,0.2727
2020-06-20,22,17,24,63,0.381,0.128205,0.079365,0.013903,0.133333,0.6879,0.3417,0.3277,0.3306
2020-06-21,14,23,28,65,0.4308,-0.243243,-0.138462,-0.158888,-0.3,0.7018,0.2521,0.411,0.337
2020-06-22,48,53,62,163,0.3804,-0.049505,-0.030675,-0.057175,-0.057971,0.6873,0.3156,0.3728,0.3116
2020-06-23,50,59,50,159,0.3145,-0.082569,-0.056604,-0.042946,-0.014085,0.6859,0.3361,0.379,0.2849
2020-06-24,47,62,58,167,0.3473,-0.137615,-0.08982,-0.095151,-0.134146,0.7088,0.312,0.4071,0.2809
2020-06-25,31,73,54,158,0.3418,-0.403846,-0.265823,-0.248092,-0.486842,0.7117,0.2309,0.479,0.29
2020-06-26,41,59,55,155,0.3548,-0.18,-0.116129,-0.119394,-0.135135,0.7082,0.2898,0.4092,0.3011
2020-06-27,20,29,22,71,0.3099,-0.183673,-0.126761,-0.103875,-0.30303,0.7056,0.2943,0.3982,0.3075
2020-06-28,15,26,29,70,0.4143,-0.268293,-0.157143,-0.150222,-0.275862,0.697,0.2534,0.4036,0.343
2020-06-29,38,65,59,162,0.3642,-0.262136,-0.166667,-0.183987,-0.371795,0.7072,0.2605,0.4445,0.295
2020-06-30,46,74,55,175,0.3143,-0.233333,-0.16,-0.134577,-0.155844,0.6974,0.2905,0.4251,0.2843
2020-07-01,55,61,71,187,0.3797,-0.051724,-0.032086,-0.044237,0.021505,0.71,0.3294,0.3736,0.297
2020-07-02,65,39,40,144,0.2778,0.25,0.180556,0.116235,0.311688,0.7158,0.4386,0.3224,0.239
2020-07-03,60,36,51,147,0.3469,0.25,0.163265,0.097918,0.353846,0.6891,0.404,0.3061,0.2899
2020-07-04,24,21,23,68,0.3382,0.066667,0.044118,-0.019902,0.0,0.7023,0.3326,0.3525,0.315
2020-07-05,13,27,22,62,0.3548,-0.35,-0.225806,-0.169738,-0.230769,0.7028,0.2523,0.4221,0.3256
2020-07-06,48,43,48,139,0.3453,0.054945,0.035971,0.00537,0.072464,0.706,0.3661,0.3607,0.2731
2020-07-07,58,46,73,177,0.4124,0.115385,0.067797,0.024537,0.125,0.6968,0.3559,0.3314,0.3128
2020-07-08,45,48,57,150,0.38,-0.032258,-0.02,-0.07644,-0.112903,0.6819,0.3112,0.3876,0.3012
2020-07-09,56,49,81,186,0.4355,0.066667,0.037634,-0.012407,0.091954,0.6964,0.3331,0.3455,0.3213
2020-07-10,36,49,59,144,0.4097,-0.152941,-0.090278,-0.125113,-0.272727,0.6981,0.2834,0.4085,0.308
2020-07-11,18,20,44,82,0.5366,-0.052632,-0.02439,-0.080367,-0.041667,0.6478,0.2562,0.3365,0.4073
2020-07-12,13,33,45,91,0.4945,-0.434783,-0.21978,-0.217309,-0.395349,0.704,0.2127,0.43,0.3573
2020-07-13,55,55,69,179,0.3855,0.0,0.0,-0.058534,-0.148649,0.6864,0.3142,0.3727,0.3131
2020-07-14,47,78,76,201,0.3781,-0.248,-0.154229,-0.171424,-0.341176,0.6999,0.2635,0.4349,0.3015
2020-07-15,47,44,79,170,0.4647,0.032967,0.017647,-0.009026,-0.015152,0.684,0.3245,0.3336,0.3419
2020-07-16,59,66,60,185,0.3243,-0.056,-0.037838,-0.05157,-0.038835,0.7346,0.3447,0.3963,0.259
2020-07-17,39,45,62,146,0.4247,-0.071429,-0.041096,-0.019855,0.0,0.6952,0.337,0.3569,0.3061
2020-07-18,25,12,30,67,0.4478,0.351351,0.19403,0.09725,0.407407,0.6937,0.3796,0.2824,0.338
2020-07-19,19,25,21,65,0.3231,-0.136364,-0.092308,-0.125933,-0.290323,0.7025,0.286,0.4119,0.3021
2020-07-20,32,32,51,115,0.4435,0.0,0.0,-0.046843,-0.061224,0.6854,0.3088,0.3557,0.3355
2020-07-21,60,37,60,157,0.3822,0.237113,0.146497,0.08664,0.297297,0.7046,0.3916,0.3049,0.3035
2020-07-22,60,56,68,184,0.3696,0.034483,0.021739,-0.028482,0.011494,0.7048,0.335,0.3635,0.3015
2020-07-23,67,39,66,172,0.3837,0.264151,0.162791,0.064921,0.261364,0.7205,0.3769,0.312,0.3112
2020-07-24,49,60,58,167,0.3473,-0.100917,-0.065868,-0.073632,-0.1125,0.697,0.3185,0.3922,0.2893
2020-07-25,13,24,36,73,0.4932,-0.297297,-0.150685,-0.158859,-0.481481,0.6754,0.2313,0.3901,0.3786
2020-07-26,16,21,37,74,0.5,-0.135135,-0.067568,-0.0508,0.0,0.6673,0.2863,0.3371,0.3766
2020-07-27,52,47,81,180,0.45,0.050505,0.027778,-0.016341,0.024691,0.6936,0.3241,0.3404,0.3355
2020-07-28,64,60,66,190,0.3474,0.032258,0.021053,-0.035195,-0.021739,0.7098,0.3392,0.3744,0.2863
2020-07-29,41,63,58,162,0.358,-0.211538,-0.135802,-0.16334,-0.346154,0.7022,0.2653,0.4286,0.306
2020-07-30,57,77,38,172,0.2209,-0.149254,-0.116279,-0.121595,-0.18,0.7475,0.3262,0.4478,0.2259
2020-07-31,44,68,64,176,0.3636,-0.214286,-0.136364,-0.138566,-0.180723,0.7063,0.2819,0.4205,0.2976
2020-08-01,19,19,33,71,0.4648,0.0,0.0,-0.057463,0.033333,0.6859,0.2909,0.3483,0.3607
2020-08-02,34,24,38,96,0.3958,0.172414,0.104167,0.016305,0.146341,0.6802,0.3403,0.324,0.3357
2020-08-03,36,53,64,153,0.4183,-0.191011,-0.111111,-0.118917,-0.21875,0.6917,0.2826,0.4015,0.3158
2020-08-04,57,33,60,150,0.4,0.266667,0.16,0.085555,0.246575,0.7159,0.3929,0.3073,0.2998
2020-08-05,47,39,60,146,0.411,0.093023,0.054795,-0.019645,0.028571,0.7117,0.3337,0.3533,0.313
2020-08-06,61,49,93,203,0.4581,0.109091,0.059113,-0.014232,0.13253,0.6916,0.3129,0.3271,0.3599
2020-08-07,53,55,65,173,0.3757,-0.018519,-0.011561,-0.057703,-0.074074,0.6936,0.3264,0.3841,0.2895
2020-08-08,23,35,28,86,0.3256,-0.206897,-0.139535,-0.101972,-0.162791,0.6981,0.3039,0.4059,0.2901
2020-08-09,17,20,22,59,0.3729,-0.081081,-0.050847,-0.09791,-0.172414,0.6954,0.2871,0.385,0.328
2020-08-10,54,35,52,141,0.3688,0.213483,0.134752,0.062696,0.328125,0.7009,0.3779,0.3152,0.3069
2020-08-11,57,50,54,161,0.3354,0.065421,0.043478,-0.021177,0.012658,0.7164,0.3434,0.3646,0.292
2020-08-12,38,46,52,136,0.3824,-0.095238,-0.058824,-0.113062,-0.225806,0.7114,0.294,0.4071,0.2989
2020-08-13,39,47,58,144,0.4028,-0.093023,-0.055556,-0.068518,-0.184615,0.6881,0.3106,0.3791,0.3103
2020-08-14,52,75,45,172,0.2616,-0.181102,-0.133721,-0.150228,-0.295918,0.7328,0.2983,0.4485,0.2532
2020-08-15,15,18,51,84,0.6071,-0.090909,-0.035714,-0.051965,-0.304348,0.6391,0.2716,0.3235,0.4049
2020-08-16,13,25,31,69,0.4493,-0.315789,-0.173913,-0.150582,-0.259259,0.7113,0.2498,0.4004,0.3497
2020-08-17,54,44,70,168,0.4167,0.102041,0.059524,-0.006761,0.013699,0.6947,0.3357,0.3424,0.3219
2020-08-18,59,43,50,152,0.3289,0.156863,0.105263,0.071455,0.210526,0.7135,0.3938,0.3224,0.2839
2020-08-19,45,53,62,160,0.3875,-0.081633,-0.05,-0.051459,0.013333,0.6973,0.3184,0.3698,0.3118
2020-08-20,31,67,77,175,0.44,-0.367347,-0.205714,-0.210591,-0.492537,0.6832,0.2222,0.4328,0.3451
2020-08-21,53,35,54,142,0.3803,0.204545,0.126761,0.053576,0.2,0.7048,0.3732,0.3196,0.3071
2020-08-22,16,16,43,75,0.5733,0.0,0.0,-0.05885,-0.090909,0.6471,0.2694,0.3282,0.4025
2020-08-23,16,20,37,73,0.5068,-0.111111,-0.054795,-0.034073,0.0,0.6551,0.2914,0.3254,0.3832
2020-08-24,33,25,38,96,0.3958,0.137931,0.083333,0.008101,0.205128,0.6831,0.3431,0.335,0.3219
2020-08-25,61,48,71,180,0.3944,0.119266,0.072222,-0.006915,0.059524,0.702,0.3371,0.344,0.3189
2020-08-26,55,36,78,169,0.4615,0.208791,0.112426,0.034393,0.103448,0.6638,0.3413,0.3069,0.3518
2020-08-27,66,49,79,194,0.4072,0.147826,0.087629,-0.006985,0.025,0.6881,0.3314,0.3384,0.3302
2020-08-28,49,37,53,139,0.3813,0.139535,0.086331,0.017302,0.080645,0.6976,0.354,0.3367,0.3093
2020-08-29,23,15,37,75,0.4933,0.210526,0.106667,0.03779,0.296296,0.6689,0.3383,0.3005,0.3612
2020-08-30,21,22,37,80,0.4625,-0.023256,-0.0125,-0.07184,-0.068966,0.6678,0.2781,0.3499,0.3721
2020-08-31,67,75,76,218,0.3486,-0.056338,-0.036697,-0.088694,-0.148515,0.6991,0.3081,0.3968,0.2952
2020-09-01,67,52,70,189,0.3704,0.12605,0.079365,0.000269,0.107143,0.7,0.3503,0.3501,0.2996
2020-09-02,50,56,65,171,0.3801,-0.056604,-0.035088,-0.047087,-0.02381,0.7075,0.3308,0.3779,0.2913
2020-09-03,39,53,62,154,0.4026,-0.152174,-0.090909,-0.101514,-0.121212,0.6953,0.2878,0.3893,0.3229
2020-09-04,47,81,80,208,0.3846,-0.265625,-0.163462,-0.159125,-0.290323,0.6967,0.2668,0.4259,0.3073
2020-09-05,20,24,50,94,0.5319,-0.090909,-0.042553,-0.077222,-0.2,0.6318,0.2612,0.3384,0.4004
2020-09-06,26,25,40,91,0.4396,0.019608,0.010989,-0.036309,-0.2,0.6385,0.2953,0.3316,0.373
2020-09-07,67,51,83,201,0.4129,0.135593,0.079602,0.007507,0.103448,0.691,0.3378,0.3303,0.3319
2020-09-08,44,72,99,215,0.4605,-0.241379,-0.130233,-0.138222,-0.244898,0.7033,0.2608,0.399,0.3401
2020-09-09,44,65,74,183,0.4044,-0.192661,-0.114754,-0.16418,-0.378788,0.6726,0.25,0.4142,0.3358
2020-09-10,64,57,67,188,0.3564,0.057851,0.037234,-0.003808,0.11236,0.7082,0.3454,0.3492,0.3054
2020-09-11,37,52,60,149,0.4027,-0.168539,-0.100671,-0.100295,-0.216667,0.6922,0.2872,0.3875,0.3253
2020-09-12,15,22,20,57,0.3509,-0.189189,-0.122807,-0.155008,-0.28,0.6791,0.2658,0.4208,0.3134
2020-09-13,13,14,30,57,0.5263,-0.037037,-0.017544,-0.0872,-0.263158,0.6787,0.2662,0.3534,0.3804
2020-09-14,48,46,59,153,0.3856,0.021277,0.013072,-0.01816,0.044118,0.6919,0.3392,0.3574,0.3034
2020-09-15,56,58,70,184,0.3804,-0.017544,-0.01087,-0.037071,-0.046512,0.7092,0.3293,0.3664,0.3043
2020-09-16,49,43,85,177,0.4802,0.065217,0.033898,-0.016921,0.041667,0.6767,0.3114,0.3283,0.3603
2020-09-17,33,59,68,160,0.425,-0.282609,-0.1625,-0.15006,-0.314286,0.6971,0.2626,0.4127,0.3247
2020-09-18,53,43,66,162,0.4074,0.104167,0.061728,0.001034,0.136364,0.6898,0.3385,0.3374,0.3241
2020-09-19,19,25,46,90,0.5111,-0.136364,-0.066667,-0.101879,-0.272727,0.6731,0.2647,0.3666,0.3686
2020-09-20,12,26,23,61,0.377,-0.368421,-0.229508,-0.188482,-0.32,0.6815,0.2374,0.4259,0.3367
2020-09-21,48,52,79,179,0.4413,-0.04,-0.022346,-0.071536,-0.092105,0.6963,0.2997,0.3713,0.329
2020-09-22,58,66,79,203,0.3892,-0.064516,-0.039409,-0.079141,-0.102804,0.7145,0.305,0.3841,0.3109
2020-09-23,44,49,69,162,0.4259,-0.053763,-0.030864,-0.068533,-0.053333,0.7099,0.3026,0.3711,0.3263
2020-09-24,38,62,42,142,0.2958,-0.24,-0.169014,-0.195381,-0.346667,0.7285,0.2705,0.4659,0.2636
2020-09-25,31,34,33,98,0.3367,-0.046154,-0.030612,-0.039273,0.0,0.7473,0.345,0.3843,0.2707
2020-09-26,16,14,26,56,0.4643,0.066667,0.035714,-0.070291,-0.136364,0.6711,0.2859,0.3562,0.3578
2020-09-27,13,13,47,73,0.6438,0.0,0.0,-0.105052,-0.047619,0.6669,0.2363,0.3414,0.4223
2020-09-28,45,28,48,121,0.3967,0.232877,0.140496,0.042021,0.259259,0.6977,0.365,0.323,0.312
2020-09-29,22,25,60,107,0.5607,-0.06383,-0.028037,-0.092318,-0.029412,0.6684,0.2527,0.345,0.4023
2020-09-30,28,41,44,113,0.3894,-0.188406,-0.115044,-0.111038,-0.240741,0.715,0.2894,0.4004,0.3102
2020-10-01,53,31,51,135,0.3778,0.261905,0.162963,0.093954,0.298507,0.7239,0.4001,0.3061,0.2938
2020-10-02,16,29,24,69,0.3478,-0.288889,-0.188406,-0.161311,-0.263158,0.7439,0.2904,0.4518,0.2578
2020-10-03,23,12,16,51,0.3137,0.314286,0.215686,0.092695,0.285714,0.6669,0.3995,0.3068,0.2937
2020-10-04,14,22,22,58,0.3793,-0.222222,-0.137931,-0.107702,-0.16,0.6853,0.2789,0.3866,0.3345
2020-10-05,30,23,50,103,0.4854,0.132075,0.067961,-0.002455,0.190476,0.6884,0.3225,0.325,0.3525
2020-10-06,45,32,44,121,0.3636,0.168831,0.107438,0.069323,0.245614,0.7008,0.3818,0.3124,0.3058
2020-10-07,38,36,55,129,0.4264,0.027027,0.015504,-0.056079,-0.05,0.7091,0.3108,0.3669,0.3223
2020-10-08,44,38,44,126,0.3492,0.073171,0.047619,-0.038727,0.048387,0.7089,0.334,0.3728,0.2932
2020-10-09,15,11,14,40,0.35,0.153846,0.1,0.057566,0.263158,0.7197,0.3764,0.3188,0.3048
2020-10-10,16,21,29,66,0.4394,-0.135135,-0.075758,-0.076718,0.037037,0.6724,0.282,0.3587,0.3593
2020-10-11,19,8,26,53,0.4906,0.407407,0.207547,0.037562,0.45,0.647,0.3329,0.2953,0.3718
2020-10-12,43,39,52,134,0.3881,0.04878,0.029851,-0.022163,0.0,0.6804,0.3281,0.3503,0.3216
2020-10-13,37,37,46,120,0.3833,0.0,0.0,-0.048957,-0.037736,0.6937,0.3225,0.3714,0.3061
2020-10-14,45,43,60,148,0.4054,0.022727,0.013514,-0.01832,-0.016393,0.694,0.328,0.3463,0.3258
2020-10-15,32,51,51,134,0.3806,-0.228916,-0.141791,-0.176258,-0.352941,0.7108,0.2646,0.4408,0.2946
2020-10-16,17,16,19,52,0.3654,0.030303,0.019231,-0.008067,0.12,0.6971,0.349,0.357,0.294
2020-10-17,13,22,23,58,0.3966,-0.257143,-0.155172,-0.136829,-0.363636,0.6758,0.2696,0.4064,0.324
2020-10-18,16,23,34,73,0.4658,-0.179487,-0.09589,-0.108512,-0.192308,0.6738,0.2562,0.3647,0.3792
2020-10-19,23,12,33,68,0.4853,0.314286,0.161765,0.044828,0.125,0.6545,0.3322,0.2873,0.3805
2020-10-21,41,32,36,109,0.3303,0.123288,0.082569,0.01573,0.055556,0.7266,0.3668,0.3511,0.282
2020-10-22,18,24,32,74,0.4324,-0.142857,-0.081081,-0.097679,-0.157895,0.7035,0.2986,0.3963,0.3051
2020-10-23,16,12,8,36,0.2222,0.142857,0.111111,0.033046,-0.052632,0.7164,0.3939,0.3608,0.2453
2020-10-24,7,7,16,30,0.5333,0.0,0.0,-0.082315,-0.25,0.6177,0.2476,0.3299,0.4225
2020-10-25,27,14,32,73,0.4384,0.317073,0.178082,0.077263,0.321429,0.6655,0.3655,0.2883,0.3462
2020-10-26,25,37,33,95,0.3474,-0.193548,-0.126316,-0.139972,-0.377778,0.6981,0.2842,0.4242,0.2915
2020-10-27,49,17,37,103,0.3592,0.484848,0.31068,0.160162,0.44186,0.6808,0.4264,0.2662,0.3074
2020-10-28,36,39,43,118,0.3644,-0.04,-0.025424,-0.079718,-0.196429,0.7183,0.3087,0.3884,0.3029
2020-10-29,28,39,35,102,0.3431,-0.164179,-0.107843,-0.148934,-0.3125,0.7097,0.278,0.4269,0.2951
2020-10-30,23,24,37,84,0.4405,-0.021277,-0.011905,-0.041278,0.083333,0.6991,0.3106,0.3519,0.3375
2020-10-31,4,15,12,31,0.3871,-0.578947,-0.354839,-0.231279,-0.714286,0.5989,0.1933,0.4246,0.3822
2020-11-01,24,23,30,77,0.3896,0.021277,0.012987,-0.056995,0.054054,0.7164,0.3169,0.3739,0.3092
2020-11-02,31,29,41,101,0.4059,0.033333,0.019802,-0.046112,-0.022727,0.7028,0.3129,0.359,0.3282
2020-11-03,33,26,36,95,0.3789,0.118644,0.073684,0.028035,0.238095,0.6876,0.3586,0.3305,0.3109
2020-11-04,44,30,42,116,0.3621,0.189189,0.12069,0.048052,0.122807,0.7046,0.3786,0.3306,0.2908
2020-11-05,42,27,44,113,0.3894,0.217391,0.132743,0.061417,0.26,0.7013,0.3756,0.3142,0.3102
2020-11-06,16,9,22,47,0.4681,0.28,0.148936,0.093866,0.35,0.6957,0.3789,0.285,0.3361
2020-11-07,7,3,14,24,0.5833,0.4,0.166667,0.095545,0.2,0.6685,0.3545,0.2589,0.3866
2020-11-08,19,11,31,61,0.5082,0.266667,0.131148,0.042533,0.1,0.6561,0.3273,0.2848,0.3879
2020-11-09,50,32,48,130,0.3692,0.219512,0.138462,0.073132,0.21875,0.7063,0.3901,0.3169,0.293
2020-11-10,23,25,29,77,0.3766,-0.041667,-0.025974,-0.007289,0.027778,0.7174,0.3498,0.3571,0.2932
2020-11-11,39,13,29,81,0.358,0.5,0.320988,0.193516,0.5,0.6724,0.4375,0.244,0.3185
2020-11-12,29,23,34,86,0.3953,0.115385,0.069767,0.011848,0.121212,0.6746,0.3351,0.3232,0.3417
2020-11-13,10,5,12,27,0.4444,0.333333,0.185185,0.07084,0.181818,0.7057,0.3676,0.2968,0.3357
2020-11-14,5,5,5,15,0.3333,0.0,0.0,-0.00065,0.142857,0.7427,0.3407,0.3414,0.318
2020-11-15,13,7,9,29,0.3103,0.3,0.206897,0.134213,0.357143,0.7025,0.4009,0.2667,0.3325
2020-11-16,27,14,30,71,0.4225,0.317073,0.183099,0.072067,0.366667,0.6922,0.3757,0.3037,0.3206
2020-11-17,15,10,29,54,0.537,0.2,0.092593,0.042819,0.428571,0.6607,0.3275,0.2847,0.3878
2020-11-18,70,41,57,168,0.3393,0.261261,0.172619,0.097482,0.283951,0.7089,0.4049,0.3074,0.2877
2020-11-19,54,76,60,190,0.3158,-0.169231,-0.115789,-0.126653,-0.277778,0.7083,0.2954,0.422,0.2826
2020-11-20,59,29,56,144,0.3889,0.340909,0.208333,0.112038,0.431034,0.6867,0.3913,0.2792,0.3295
2020-11-21,17,23,41,81,0.5062,-0.15,-0.074074,-0.113852,-0.258065,0.6829,0.2573,0.3712,0.3715
2020-11-22,14,15,22,51,0.4314,-0.034483,-0.019608,-0.055405,-0.130435,0.6881,0.3012,0.3566,0.3422
2020-11-23,57,20,58,135,0.4296,0.480519,0.274074,0.181641,0.484375,0.7079,0.4292,0.2475,0.3232
2020-11-24,66,52,82,200,0.41,0.118644,0.07,0.033161,0.206897,0.7098,0.3533,0.3201,0.3266
2020-11-25,55,40,60,155,0.3871,0.157895,0.096774,0.038006,0.202899,0.7033,0.3645,0.3265,0.309
2020-11-26,50,33,61,144,0.4236,0.204819,0.118056,0.064057,0.241379,0.6896,0.3628,0.2988,0.3384
2020-11-27,39,51,53,143,0.3706,-0.133333,-0.083916,-0.088265,-0.058824,0.7135,0.3069,0.3952,0.2979
2020-11-28,23,22,34,79,0.4304,0.022222,0.012658,-0.008856,0.142857,0.6714,0.3208,0.3297,0.3495
2020-11-29,22,19,36,77,0.4675,0.073171,0.038961,-0.01599,0.04,0.6587,0.3083,0.3243,0.3674
2020-11-30,45,38,81,164,0.4939,0.084337,0.042683,-0.051037,-0.12766,0.658,0.2812,0.3322,0.3865
2020-12-01,74,41,73,188,0.3883,0.286957,0.175532,0.08746,0.304348,0.7083,0.3894,0.3019,0.3087
2020-12-02,47,20,60,127,0.4724,0.402985,0.212598,0.112088,0.377778,0.6716,0.3724,0.2603,0.3672
2020-12-03,69,35,58,162,0.358,0.326923,0.209877,0.139956,0.378788,0.684,0.4099,0.27,0.3201
2020-12-04,73,32,108,213,0.507,0.390476,0.192488,0.105335,0.556962,0.6701,0.367,0.2617,0.3713
2020-12-05,25,20,39,84,0.4643,0.111111,0.059524,-0.011085,-0.034483,0.6503,0.3105,0.3216,0.3679
2020-12-06,24,24,39,87,0.4483,0.0,0.0,-0.054214,-0.075,0.6875,0.2999,0.3541,0.3459
2020-12-07,36,22,57,115,0.4957,0.241379,0.121739,0.068011,0.23913,0.6879,0.3552,0.2872,0.3576
2020-12-08,63,46,75,184,0.4076,0.155963,0.092391,0.037002,0.205479,0.6839,0.3498,0.3128,0.3375
2020-12-09,68,34,65,167,0.3892,0.333333,0.203593,0.115064,0.285714,0.6955,0.3932,0.2781,0.3288
2020-12-10,69,67,79,215,0.3674,0.014706,0.009302,-0.047926,-0.136842,0.6946,0.3194,0.3673,0.3133
2020-12-11,46,33,59,138,0.4275,0.164557,0.094203,0.038268,0.263158,0.6964,0.351,0.3127,0.3363
2020-12-12,20,11,35,66,0.5303,0.290323,0.136364,0.066888,0.277778,0.6406,0.3392,0.2723,0.3884
2020-12-13,22,16,39,77,0.5065,0.157895,0.077922,-0.009714,0.076923,0.6573,0.297,0.3067,0.3964
2020-12-14,55,39,82,176,0.4659,0.170213,0.090909,0.043183,0.258621,0.6675,0.3436,0.3005,0.3559
2020-12-15,56,41,94,191,0.4921,0.154639,0.078534,0.025481,0.173913,0.6655,0.3284,0.3029,0.3687
2020-12-16,61,43,91,195,0.4667,0.173077,0.092308,0.039426,0.164384,0.6755,0.3404,0.301,0.3586
2020-12-17,54,33,62,149,0.4161,0.241379,0.14094,0.077072,0.28125,0.6957,0.3716,0.2946,0.3338
2020-12-18,65,37,79,181,0.4365,0.27451,0.154696,0.06834,0.223881,0.6738,0.3576,0.2893,0.3531
2020-12-19,28,17,33,78,0.4231,0.244444,0.141026,0.077211,0.194444,0.6876,0.3792,0.302,0.3188
2020-12-20,27,28,53,108,0.4907,-0.018182,-0.009259,-0.062985,-0.108108,0.6626,0.28,0.343,0.3771
2020-12-21,54,34,83,171,0.4854,0.227273,0.116959,0.033978,0.144737,0.6994,0.342,0.308,0.35
2020-12-22,54,43,65,162,0.4012,0.113402,0.067901,0.03181,0.074627,0.689,0.3528,0.321,0.3263
2020-12-23,71,28,77,176,0.4375,0.434343,0.244318,0.136692,0.42029,0.6889,0.3982,0.2616,0.3402
2020-12-24,66,26,74,166,0.4458,0.434783,0.240964,0.168368,0.507042,0.6966,0.4187,0.2504,0.3309
2020-12-25,32,28,57,117,0.4872,0.066667,0.034188,-0.041262,0.0,0.6785,0.2995,0.3408,0.3596
2020-12-26,29,16,30,75,0.4,0.288889,0.173333,0.067473,0.25,0.6938,0.3611,0.2937,0.3452
2020-12-27,14,20,29,63,0.4603,-0.176471,-0.095238,-0.109967,-0.115385,0.6907,0.2614,0.3714,0.3672
2020-12-28,59,36,66,161,0.4099,0.242105,0.142857,0.09423,0.384615,0.6984,0.3846,0.2904,0.325
2020-12-29,67,40,50,157,0.3185,0.252336,0.171975,0.084062,0.179487,0.7128,0.3972,0.3131,0.2897
2020-12-30,66,22,72,160,0.45,0.5,0.275,0.159223,0.484375,0.6764,0.4074,0.2482,0.3444
2020-12-31,49,43,61,153,0.3987,0.065217,0.039216,0.011761,0.041096,0.7032,0.3548,0.343,0.3021
2021-01-01,51,22,45,118,0.3814,0.39726,0.245763,0.179976,0.483333,0.7378,0.4397,0.2597,0.3006
2021-01-02,19,10,18,47,0.383,0.310345,0.191489,0.163866,0.375,0.7088,0.4175,0.2537,0.3289
2021-01-03,22,11,32,65,0.4923,0.333333,0.169231,0.093533,0.45,0.6541,0.3518,0.2582,0.39
2021-01-04,67,31,63,161,0.3913,0.367347,0.223602,0.116607,0.285714,0.7121,0.4069,0.2903,0.3027
2021-01-05,59,34,55,148,0.3716,0.268817,0.168919,0.109379,0.257143,0.7159,0.4058,0.2965,0.2977
2021-01-06,40,38,55,133,0.4135,0.025641,0.015038,-0.032229,0.015385,0.7029,0.3222,0.3544,0.3234
2021-01-07,44,38,53,135,0.3926,0.073171,0.044444,-0.002889,0.089286,0.693,0.3432,0.3461,0.3106
2021-01-08,60,41,54,155,0.3484,0.188119,0.122581,0.055251,0.177215,0.7179,0.3865,0.3312,0.2823
2021-01-09,17,22,40,79,0.5063,-0.128205,-0.063291,-0.081447,-0.242424,0.6883,0.2808,0.3623,0.3569
2021-01-10,21,20,37,78,0.4744,0.02439,0.012821,-0.034731,-0.032258,0.6708,0.3016,0.3364,0.362
2021-01-11,27,23,36,86,0.4186,0.08,0.046512,0.009716,0.027027,0.6902,0.3396,0.3299,0.3304
2021-01-12,31,29,42,102,0.4118,0.033333,0.019608,-0.065045,-0.102564,0.6802,0.2962,0.3612,0.3425
2021-01-13,39,35,67,141,0.4752,0.054054,0.028369,0.012574,0.186441,0.6926,0.3362,0.3237,0.3401
2021-01-14,48,40,67,155,0.4323,0.090909,0.051613,-0.001153,0.061538,0.6898,0.3371,0.3383,0.3246
2021-01-15,39,46,49,134,0.3657,-0.082353,-0.052239,-0.084871,-0.2,0.7251,0.3133,0.3981,0.2886
2021-01-16,9,13,23,45,0.5111,-0.181818,-0.088889,-0.155475,-0.153846,0.6666,0.2215,0.377,0.4015
2021-01-17,9,13,37,59,0.6271,-0.181818,-0.067797,-0.14575,-0.583333,0.6313,0.2101,0.3559,0.434
2021-01-18,56,51,75,182,0.4121,0.046729,0.027473,-0.045846,-0.054054,0.6887,0.3114,0.3573,0.3313
2021-01-19,57,32,75,164,0.4573,0.280899,0.152439,0.067341,0.3,0.6731,0.3536,0.2863,0.36
2021-01-20,54,26,89,169,0.5266,0.35,0.16568,0.062211,0.268657,0.6748,0.3441,0.2819,0.374
2021-01-21,62,30,51,143,0.3566,0.347826,0.223776,0.136992,0.474576,0.6832,0.4065,0.2695,0.3241
2021-01-22,48,57,59,164,0.3598,-0.085714,-0.054878,-0.081965,-0.175676,0.6957,0.3067,0.3886,0.3047
2021-01-23,23,14,35,72,0.4861,0.243243,0.125,0.03516,0.2,0.6618,0.3249,0.2897,0.3853
2021-01-24,14,15,32,61,0.5246,-0.034483,-0.016393,-0.085988,-0.105263,0.662,0.2577,0.3437,0.3986
2021-01-25,42,29,73,144,0.5069,0.183099,0.090278,0.012897,0.145833,0.6774,0.3195,0.3066,0.3739
2021-01-26,20,20,34,74,0.4595,0.0,0.0,-0.045094,0.076923,0.6711,0.2925,0.3376,0.3699
2021-01-27,28,23,31,82,0.378,0.098039,0.060976,-0.009849,0.102564,0.7138,0.3393,0.3491,0.3116
2021-01-28,59,53,86,198,0.4343,0.053571,0.030303,-0.010292,0.021739,0.7046,0.3294,0.3397,0.3308
2021-01-29,98,63,124,285,0.4351,0.217391,0.122807,0.05956,0.231405,0.6995,0.3621,0.3025,0.3354
2021-01-30,19,22,55,96,0.5729,-0.073171,-0.03125,-0.096478,-0.269231,0.6532,0.2389,0.3354,0.4256
2021-01-31,9,13,39,61,0.6393,-0.181818,-0.065574,-0.116331,-0.266667,0.6245,0.2127,0.3291,0.4582
2021-02-01,63,29,82,174,0.4713,0.369565,0.195402,0.111999,0.454545,0.6904,0.3725,0.2605,0.3671
2021-02-02,62,38,80,180,0.4444,0.24,0.133333,0.073742,0.25641,0.6936,0.3669,0.2931,0.34
2021-02-03,60,31,58,149,0.3893,0.318681,0.194631,0.107678,0.28125,0.698,0.3939,0.2862,0.32
2021-02-04,52,35,47,134,0.3507,0.195402,0.126866,0.067282,0.140625,0.7178,0.3777,0.3104,0.3119
2021-02-05,71,17,53,141,0.3759,0.613636,0.382979,0.24156,0.733333,0.7043,0.4555,0.2139,0.3305
2021-02-06,20,14,40,74,0.5405,0.176471,0.081081,0.046783,0.24,0.6515,0.3273,0.2805,0.3922
2021-02-07,26,15,41,82,0.5,0.268293,0.134146,0.07123,0.178571,0.6693,0.3473,0.276,0.3767
2021-02-08,54,29,51,134,0.3806,0.301205,0.186567,0.125516,0.35,0.7111,0.4095,0.284,0.3065
2021-02-09,67,32,62,161,0.3851,0.353535,0.217391,0.117769,0.308824,0.6956,0.4001,0.2823,0.3176
2021-02-10,50,27,52,129,0.4031,0.298701,0.178295,0.082325,0.254237,0.699,0.3854,0.3031,0.3115
2021-02-11,44,46,64,154,0.4156,-0.022222,-0.012987,-0.023346,-0.028571,0.7,0.3259,0.3492,0.3249
2021-02-12,48,47,63,158,0.3987,0.010526,0.006329,-0.059161,-0.088235,0.6959,0.308,0.3672,0.3248
2021-02-13,14,16,32,62,0.5161,-0.066667,-0.032258,-0.02345,0.0,0.6973,0.2975,0.3209,0.3816
2021-02-14,28,15,30,73,0.411,0.302326,0.178082,0.098033,0.25,0.6828,0.3777,0.2796,0.3426
2021-02-15,37,27,51,115,0.4435,0.15625,0.086957,0.005993,0.234043,0.6873,0.3377,0.3318,0.3305
2021-02-16,40,18,34,92,0.3696,0.37931,0.23913,0.160777,0.416667,0.7177,0.4239,0.2631,0.313
2021-02-17,36,39,33,108,0.3056,-0.04,-0.027778,-0.074945,-0.132075,0.7049,0.3235,0.3984,0.278
2021-02-18,31,37,67,135,0.4963,-0.088235,-0.044444,-0.103305,-0.142857,0.6836,0.2689,0.3722,0.359
2021-02-19,26,44,49,119,0.4118,-0.257143,-0.151261,-0.15954,-0.354167,0.692,0.2542,0.4137,0.3321
2021-02-20,9,12,13,34,0.3824,-0.142857,-0.088235,-0.096819,-0.428571,0.648,0.2734,0.3703,0.3563
2021-02-21,13,15,24,52,0.4615,-0.071429,-0.038462,-0.060177,-0.190476,0.682,0.2853,0.3454,0.3693
2021-02-22,32,44,60,136,0.4412,-0.157895,-0.088235,-0.111219,-0.117647,0.6865,0.2669,0.3781,0.355
2021-02-23,47,37,47,131,0.3588,0.119048,0.076336,0.021534,0.087719,0.6919,0.3593,0.3378,0.3029
2021-02-24,50,30,60,140,0.4286,0.25,0.142857,0.093766,0.269841,0.6859,0.3889,0.2951,0.316
2021-02-25,44,29,56,129,0.4341,0.205479,0.116279,0.061246,0.340426,0.6737,0.3586,0.2974,0.344
2021-02-26,44,47,57,148,0.3851,-0.032967,-0.02027,-0.064084,-0.097222,0.7009,0.311,0.3751,0.3139
2021-02-27,10,15,13,38,0.3421,-0.2,-0.131579,-0.13401,-0.571429,0.6841,0.2864,0.4204,0.2933
2021-02-28,8,5,9,22,0.4091,0.230769,0.136364,0.08944,0.333333,0.7148,0.3732,0.2838,0.343
2021-03-01,40,19,23,82,0.2805,0.355932,0.256098,0.182341,0.416667,0.744,0.4694,0.2871,0.2434
2021-03-02,12,7,16,35,0.4571,0.263158,0.142857,0.047452,0.166667,0.6527,0.3485,0.301,0.3504
2021-03-03,30,16,36,82,0.439,0.304348,0.170732,0.075032,0.4,0.6741,0.3662,0.2911,0.3427
2021-03-04,23,19,35,77,0.4545,0.095238,0.051948,-0.016519,-0.03125,0.6918,0.3296,0.3461,0.3244
2021-03-05,26,27,27,80,0.3375,-0.018868,-0.0125,-0.04521,0.02439,0.7283,0.3326,0.3778,0.2895
2021-03-06,5,13,25,43,0.5814,-0.444444,-0.186047,-0.151447,-0.6,0.6397,0.2127,0.3642,0.4231
2021-03-07,1,2,2,5,0.4,-0.333333,-0.2,-0.076373,-0.333333,0.7423,0.3494,0.4258,0.2246
2021-03-08,30,14,22,66,0.3333,0.363636,0.242424,0.100381,0.258065,0.707,0.4065,0.3061,0.2875
2021-03-09,37,22,32,91,0.3516,0.254237,0.164835,0.103632,0.282051,0.6943,0.4015,0.2978,0.3007
2021-03-10,32,12,32,76,0.4211,0.454545,0.263158,0.147594,0.592593,0.6669,0.3991,0.2515,0.3493
2021-03-11,23,13,25,61,0.4098,0.277778,0.163934,0.047526,0.24,0.6709,0.3592,0.3116,0.3292
2021-03-12,17,20,23,60,0.3833,-0.081081,-0.05,-0.091582,-0.2,0.6902,0.3045,0.3961,0.2993
2021-03-13,10,6,16,32,0.5,0.25,0.125,0.01214,0.111111,0.6643,0.3129,0.3007,0.3864
2021-03-14,12,9,16,37,0.4324,0.142857,0.081081,0.007642,0.214286,0.6862,0.3275,0.3199,0.3526
2021-03-15,27,29,38,94,0.4043,-0.035714,-0.021277,-0.079348,-0.166667,0.6764,0.2997,0.3791,0.3211
2021-03-16,22,24,34,80,0.425,-0.043478,-0.025,-0.043533,-0.090909,0.6886,0.318,0.3616,0.3204
2021-03-17,12,17,24,53,0.4528,-0.172414,-0.09434,-0.123815,-0.2,0.7069,0.2703,0.3941,0.3356
2021-03-18,26,25,40,91,0.4396,0.019608,0.010989,-0.032035,-0.042553,0.721,0.3286,0.3606,0.3107
2021-03-19,33,26,36,95,0.3789,0.118644,0.073684,0.011009,0.025641,0.6887,0.3512,0.3402,0.3086
2021-03-20,9,12,15,36,0.4167,-0.142857,-0.083333,-0.125144,-0.214286,0.6818,0.2602,0.3854,0.3544
2021-03-21,7,8,17,32,0.5312,-0.066667,-0.03125,-0.065715,-0.083333,0.6481,0.2769,0.3426,0.3804
2021-03-22,6,2,6,14,0.4286,0.5,0.285714,0.177393,0.6,0.6911,0.4317,0.2543,0.314
2021-03-23,7,5,14,26,0.5385,0.166667,0.076923,-0.016585,0.0,0.674,0.3092,0.3258,0.365
2021-03-24,24,29,32,85,0.3765,-0.09434,-0.058824,-0.089851,-0.131579,0.6997,0.3034,0.3933,0.3033
2021-03-25,32,32,43,107,0.4019,0.0,0.0,-0.049009,-0.2,0.7004,0.3148,0.3638,0.3213
2021-03-26,32,19,32,83,0.3855,0.254902,0.156627,0.016245,0.028571,0.671,0.3552,0.339,0.3057
2021-03-27,15,4,22,41,0.5366,0.578947,0.268293,0.129461,0.333333,0.646,0.3762,0.2467,0.3771
2021-03-28,10,6,17,33,0.5152,0.25,0.121212,-0.032411,0.0,0.6511,0.3015,0.3339,0.3646
2021-03-29,13,15,15,43,0.3488,-0.071429,-0.046512,-0.087315,-0.238095,0.7214,0.3161,0.4034,0.2805
2021-03-30,30,25,26,81,0.321,0.090909,0.061728,0.006315,0.0,0.7095,0.367,0.3607,0.2724
2021-03-31,31,23,34,88,0.3864,0.148148,0.090909,0.033331,0.093023,0.7111,0.3711,0.3377,0.2912
2021-04-01,26,14,31,71,0.4366,0.3,0.169014,0.101406,0.354839,0.7083,0.3935,0.2921,0.3143
2021-04-02,21,7,22,50,0.44,0.5,0.28,0.185174,0.809524,0.6862,0.4195,0.2343,0.3463
2021-04-03,10,8,6,24,0.25,0.111111,0.083333,-0.010621,-0.142857,0.7361,0.3659,0.3766,0.2575
2021-04-04,15,23,15,53,0.283,-0.210526,-0.150943,-0.157485,-0.285714,0.7152,0.2813,0.4388,0.2799
2021-04-05,30,36,41,107,0.3832,-0.090909,-0.056075,-0.113393,-0.22,0.7066,0.2987,0.4121,0.2892
2021-04-06,5,12,7,24,0.2917,-0.411765,-0.291667,-0.214792,-0.4,0.7299,0.2611,0.4759,0.2631
2021-04-07,33,25,69,127,0.5433,0.137931,0.062992,-0.009896,0.136364,0.6753,0.2983,0.3082,0.3936
2021-04-08,30,31,30,91,0.3297,-0.016393,-0.010989,-0.033615,-0.025,0.7158,0.3354,0.369,0.2956
2021-04-09,27,21,19,67,0.2836,0.125,0.089552,0.022847,-0.03125,0.7013,0.3698,0.3469,0.2833
2021-04-10,8,11,13,32,0.4062,-0.157895,-0.09375,-0.117118,-0.333333,0.6912,0.2784,0.3955,0.3262
2021-04-11,1,3,2,6,0.3333,-0.5,-0.333333,-0.054108,0.0,0.645,0.3087,0.3628,0.3284
2021-04-12,17,31,15,63,0.2381,-0.291667,-0.222222,-0.18874,-0.354839,0.7072,0.2828,0.4716,0.2456
2021-04-13,26,21,34,81,0.4198,0.106383,0.061728,-0.001003,0.0,0.6898,0.3345,0.3355,0.33
2021-04-14,19,16,29,64,0.4531,0.085714,0.046875,-0.021589,-0.111111,0.7045,0.3239,0.3454,0.3307
2021-04-15,26,37,38,101,0.3762,-0.174603,-0.108911,-0.137378,-0.23913,0.7067,0.2769,0.4143,0.3087
